<?xml version="1.0" encoding="UTF-8"?>
<gpx creator="StravaGPX" version="1.1" xmlns="http://www.topografix.com/GPX/1/1" xmlns:xsi="http://www.w3.org/2001/XMLSchema-instance" xsi:schemaLocation="http://www.topografix.com/GPX/1/1 http://www.topografix.com/GPX/1/1/gpx.xsd">
 <metadata>
  <name>METURUN 70K</name>
  <author>
   <name>Dudu Erol</name>
   <link href="https://www.strava.com/athletes/26166220"/>
  </author>
  <copyright author="OpenStreetMap contributors">
   <year>2020</year>
   <license>https://www.openstreetmap.org/copyright</license>
  </copyright>
  <link href="https://www.strava.com/routes/3532486811855473530"/>
 </metadata>
 <trk>
  <name>METURUN 70K</name>
  <link href="https://www.strava.com/routes/3532486811855473530"/>
  <type>running</type>
  <trkseg>
   <trkpt lat="39.892010000000006" lon="32.785740000000004">
    <ele>918.2500000000001</ele>
   </trkpt>
   <trkpt lat="39.892140000000005" lon="32.785650000000004">
    <ele>918.46</ele>
   </trkpt>
   <trkpt lat="39.892250000000004" lon="32.785520000000005">
    <ele>918.5200000000001</ele>
   </trkpt>
   <trkpt lat="39.89226" lon="32.78531">
    <ele>918.8900000000001</ele>
   </trkpt>
   <trkpt lat="39.89229" lon="32.78521">
    <ele>919.73</ele>
   </trkpt>
   <trkpt lat="39.89249" lon="32.78515">
    <ele>919.58</ele>
   </trkpt>
   <trkpt lat="39.892970000000005" lon="32.785050000000005">
    <ele>918.19</ele>
   </trkpt>
   <trkpt lat="39.892950000000006" lon="32.78491">
    <ele>919.71</ele>
   </trkpt>
   <trkpt lat="39.892790000000005" lon="32.78461">
    <ele>924.46</ele>
   </trkpt>
   <trkpt lat="39.89262" lon="32.78441">
    <ele>928.03</ele>
   </trkpt>
   <trkpt lat="39.8924" lon="32.78417">
    <ele>932.48</ele>
   </trkpt>
   <trkpt lat="39.89219000000001" lon="32.784020000000005">
    <ele>934.1700000000001</ele>
   </trkpt>
   <trkpt lat="39.89199" lon="32.783970000000004">
    <ele>934.7400000000001</ele>
   </trkpt>
   <trkpt lat="39.89172000000001" lon="32.784000000000006">
    <ele>933.83</ele>
   </trkpt>
   <trkpt lat="39.891420000000004" lon="32.784060000000004">
    <ele>931.9000000000001</ele>
   </trkpt>
   <trkpt lat="39.890930000000004" lon="32.78418">
    <ele>929.27</ele>
   </trkpt>
   <trkpt lat="39.8905" lon="32.78425">
    <ele>928.66</ele>
   </trkpt>
   <trkpt lat="39.89007" lon="32.78434">
    <ele>931.1700000000001</ele>
   </trkpt>
   <trkpt lat="39.88965" lon="32.78428">
    <ele>934.0500000000001</ele>
   </trkpt>
   <trkpt lat="39.889140000000005" lon="32.78427">
    <ele>936.32</ele>
   </trkpt>
   <trkpt lat="39.888690000000004" lon="32.784290000000006">
    <ele>936.2</ele>
   </trkpt>
   <trkpt lat="39.88799" lon="32.78428">
    <ele>934.08</ele>
   </trkpt>
   <trkpt lat="39.887260000000005" lon="32.784200000000006">
    <ele>942.5700000000002</ele>
   </trkpt>
   <trkpt lat="39.88672499992693" lon="32.78420000000001">
    <ele>948.82</ele>
   </trkpt>
   <trkpt lat="39.886190000000006" lon="32.784200000000006">
    <ele>951.5000000000001</ele>
   </trkpt>
   <trkpt lat="39.885580000000004" lon="32.78414">
    <ele>948.2600000000001</ele>
   </trkpt>
   <trkpt lat="39.88503" lon="32.784240000000004">
    <ele>944.83</ele>
   </trkpt>
   <trkpt lat="39.88429" lon="32.78445">
    <ele>941.9600000000002</ele>
   </trkpt>
   <trkpt lat="39.883630000000004" lon="32.784980000000004">
    <ele>942.7200000000001</ele>
   </trkpt>
   <trkpt lat="39.883390000000006" lon="32.78519">
    <ele>943.7900000000001</ele>
   </trkpt>
   <trkpt lat="39.88308000000001" lon="32.785050000000005">
    <ele>945.3800000000001</ele>
   </trkpt>
   <trkpt lat="39.88253" lon="32.78477">
    <ele>947.7200000000001</ele>
   </trkpt>
   <trkpt lat="39.88214000000001" lon="32.784600000000005">
    <ele>948.73</ele>
   </trkpt>
   <trkpt lat="39.8817" lon="32.784490000000005">
    <ele>950.0100000000001</ele>
   </trkpt>
   <trkpt lat="39.88132" lon="32.78457">
    <ele>952.5100000000001</ele>
   </trkpt>
   <trkpt lat="39.880770000000005" lon="32.78441">
    <ele>955.85</ele>
   </trkpt>
   <trkpt lat="39.880285000073115" lon="32.78428499911746">
    <ele>957.34</ele>
   </trkpt>
   <trkpt lat="39.8798" lon="32.78416">
    <ele>958.88</ele>
   </trkpt>
   <trkpt lat="39.879000000000005" lon="32.78396">
    <ele>962.73</ele>
   </trkpt>
   <trkpt lat="39.87874" lon="32.78399">
    <ele>964.0300000000001</ele>
   </trkpt>
   <trkpt lat="39.8785" lon="32.78396">
    <ele>965.3800000000001</ele>
   </trkpt>
   <trkpt lat="39.878220000000006" lon="32.78387">
    <ele>967.1500000000001</ele>
   </trkpt>
   <trkpt lat="39.877900000000004" lon="32.78372">
    <ele>968.8100000000001</ele>
   </trkpt>
   <trkpt lat="39.87789" lon="32.78372">
    <ele>968.8100000000001</ele>
   </trkpt>
   <trkpt lat="39.877680000000005" lon="32.78361">
    <ele>969.89</ele>
   </trkpt>
   <trkpt lat="39.87738" lon="32.7836">
    <ele>971.1400000000001</ele>
   </trkpt>
   <trkpt lat="39.877190000000006" lon="32.783640000000005">
    <ele>971.89</ele>
   </trkpt>
   <trkpt lat="39.87668" lon="32.783950000000004">
    <ele>974.01</ele>
   </trkpt>
   <trkpt lat="39.87626500015913" lon="32.784175001393066">
    <ele>975.6600000000001</ele>
   </trkpt>
   <trkpt lat="39.87585" lon="32.784400000000005">
    <ele>976.9200000000001</ele>
   </trkpt>
   <trkpt lat="39.87523" lon="32.78479">
    <ele>977.8000000000001</ele>
   </trkpt>
   <trkpt lat="39.87496" lon="32.78499">
    <ele>978.8800000000001</ele>
   </trkpt>
   <trkpt lat="39.87453" lon="32.78492">
    <ele>981.5300000000001</ele>
   </trkpt>
   <trkpt lat="39.874050000000004" lon="32.784940000000006">
    <ele>984.83</ele>
   </trkpt>
   <trkpt lat="39.873740000000005" lon="32.78481">
    <ele>987.08</ele>
   </trkpt>
   <trkpt lat="39.873490000000004" lon="32.784560000000006">
    <ele>988.83</ele>
   </trkpt>
   <trkpt lat="39.872930000000004" lon="32.784420000000004">
    <ele>993.6400000000001</ele>
   </trkpt>
   <trkpt lat="39.872580000000006" lon="32.784310000000005">
    <ele>997.0500000000001</ele>
   </trkpt>
   <trkpt lat="39.8721" lon="32.78428">
    <ele>997.3600000000001</ele>
   </trkpt>
   <trkpt lat="39.87185" lon="32.78418">
    <ele>998.69</ele>
   </trkpt>
   <trkpt lat="39.87131" lon="32.784020000000005">
    <ele>1002.3900000000001</ele>
   </trkpt>
   <trkpt lat="39.87091" lon="32.783930000000005">
    <ele>1003.8500000000001</ele>
   </trkpt>
   <trkpt lat="39.87064" lon="32.78383">
    <ele>1005.5500000000002</ele>
   </trkpt>
   <trkpt lat="39.87044" lon="32.783730000000006">
    <ele>1006.64</ele>
   </trkpt>
   <trkpt lat="39.86986" lon="32.783620000000006">
    <ele>1012.13</ele>
   </trkpt>
   <trkpt lat="39.869350000000004" lon="32.783530000000006">
    <ele>1017.26</ele>
   </trkpt>
   <trkpt lat="39.86891000000001" lon="32.78338">
    <ele>1019.0300000000001</ele>
   </trkpt>
   <trkpt lat="39.86836" lon="32.78313">
    <ele>1022.2300000000001</ele>
   </trkpt>
   <trkpt lat="39.86804" lon="32.78294">
    <ele>1022.6700000000002</ele>
   </trkpt>
   <trkpt lat="39.867700000000006" lon="32.7828">
    <ele>1022.1500000000001</ele>
   </trkpt>
   <trkpt lat="39.867450000000005" lon="32.78275">
    <ele>1021.94</ele>
   </trkpt>
   <trkpt lat="39.86735" lon="32.782650000000004">
    <ele>1022.27</ele>
   </trkpt>
   <trkpt lat="39.867290000000004" lon="32.78237">
    <ele>1023.02</ele>
   </trkpt>
   <trkpt lat="39.867230000000006" lon="32.781980000000004">
    <ele>1023.4300000000001</ele>
   </trkpt>
   <trkpt lat="39.867230000000006" lon="32.78166">
    <ele>1023.44</ele>
   </trkpt>
   <trkpt lat="39.867290000000004" lon="32.78136">
    <ele>1022.99</ele>
   </trkpt>
   <trkpt lat="39.86746" lon="32.781330000000004">
    <ele>1022.6700000000002</ele>
   </trkpt>
   <trkpt lat="39.86778" lon="32.7813">
    <ele>1022.41</ele>
   </trkpt>
   <trkpt lat="39.86815" lon="32.78126">
    <ele>1022.32</ele>
   </trkpt>
   <trkpt lat="39.86862" lon="32.78126">
    <ele>1023.1000000000001</ele>
   </trkpt>
   <trkpt lat="39.86912" lon="32.78121">
    <ele>1025.73</ele>
   </trkpt>
   <trkpt lat="39.86954" lon="32.78105">
    <ele>1028.0800000000002</ele>
   </trkpt>
   <trkpt lat="39.869710000000005" lon="32.78092">
    <ele>1028.8000000000002</ele>
   </trkpt>
   <trkpt lat="39.86984" lon="32.78083">
    <ele>1028.94</ele>
   </trkpt>
   <trkpt lat="39.869980000000005" lon="32.78079">
    <ele>1030.3999999999999</ele>
   </trkpt>
   <trkpt lat="39.87021" lon="32.78072">
    <ele>1033.86</ele>
   </trkpt>
   <trkpt lat="39.87062" lon="32.78061">
    <ele>1043.9900000000002</ele>
   </trkpt>
   <trkpt lat="39.87104" lon="32.78058">
    <ele>1052.6</ele>
   </trkpt>
   <trkpt lat="39.87124" lon="32.780590000000004">
    <ele>1056.68</ele>
   </trkpt>
   <trkpt lat="39.871430000000004" lon="32.78065">
    <ele>1055.13</ele>
   </trkpt>
   <trkpt lat="39.871590000000005" lon="32.7807">
    <ele>1051.8700000000001</ele>
   </trkpt>
   <trkpt lat="39.871750000000006" lon="32.780730000000005">
    <ele>1049.65</ele>
   </trkpt>
   <trkpt lat="39.871930000000006" lon="32.78074">
    <ele>1048.75</ele>
   </trkpt>
   <trkpt lat="39.872110000000006" lon="32.78074">
    <ele>1049.22</ele>
   </trkpt>
   <trkpt lat="39.87229000000001" lon="32.7807">
    <ele>1049.8500000000001</ele>
   </trkpt>
   <trkpt lat="39.87248" lon="32.780640000000005">
    <ele>1049.97</ele>
   </trkpt>
   <trkpt lat="39.87265" lon="32.78058">
    <ele>1049.08</ele>
   </trkpt>
   <trkpt lat="39.87276000000001" lon="32.780530000000006">
    <ele>1047.64</ele>
   </trkpt>
   <trkpt lat="39.87297" lon="32.7804">
    <ele>1044.23</ele>
   </trkpt>
   <trkpt lat="39.873110000000004" lon="32.78031">
    <ele>1041.67</ele>
   </trkpt>
   <trkpt lat="39.873200000000004" lon="32.78023">
    <ele>1039.47</ele>
   </trkpt>
   <trkpt lat="39.8733" lon="32.78011">
    <ele>1037.19</ele>
   </trkpt>
   <trkpt lat="39.87339" lon="32.779920000000004">
    <ele>1034.78</ele>
   </trkpt>
   <trkpt lat="39.873450000000005" lon="32.77971">
    <ele>1033.23</ele>
   </trkpt>
   <trkpt lat="39.8735" lon="32.77948">
    <ele>1033.0600000000002</ele>
   </trkpt>
   <trkpt lat="39.87351" lon="32.77922">
    <ele>1032.84</ele>
   </trkpt>
   <trkpt lat="39.873580000000004" lon="32.778960000000005">
    <ele>1031.62</ele>
   </trkpt>
   <trkpt lat="39.87370000000001" lon="32.778470000000006">
    <ele>1026.16</ele>
   </trkpt>
   <trkpt lat="39.87379000000001" lon="32.77819">
    <ele>1023.12</ele>
   </trkpt>
   <trkpt lat="39.873810000000006" lon="32.77798">
    <ele>1020.75</ele>
   </trkpt>
   <trkpt lat="39.87377" lon="32.77776">
    <ele>1019.84</ele>
   </trkpt>
   <trkpt lat="39.87364" lon="32.77733">
    <ele>1016.82</ele>
   </trkpt>
   <trkpt lat="39.87375" lon="32.777300000000004">
    <ele>1014.03</ele>
   </trkpt>
   <trkpt lat="39.874210000000005" lon="32.77752">
    <ele>1008.5200000000001</ele>
   </trkpt>
   <trkpt lat="39.874340000000004" lon="32.7777">
    <ele>1008.08</ele>
   </trkpt>
   <trkpt lat="39.87451" lon="32.777930000000005">
    <ele>1006.9300000000001</ele>
   </trkpt>
   <trkpt lat="39.87463" lon="32.778090000000006">
    <ele>1006.2500000000001</ele>
   </trkpt>
   <trkpt lat="39.87478" lon="32.778220000000005">
    <ele>1004.11</ele>
   </trkpt>
   <trkpt lat="39.874900000000004" lon="32.7783">
    <ele>1003.2</ele>
   </trkpt>
   <trkpt lat="39.87511000000001" lon="32.77835">
    <ele>1002.4600000000002</ele>
   </trkpt>
   <trkpt lat="39.875330000000005" lon="32.77839">
    <ele>1001.46</ele>
   </trkpt>
   <trkpt lat="39.8755" lon="32.77835">
    <ele>1000.8400000000001</ele>
   </trkpt>
   <trkpt lat="39.875600000000006" lon="32.77827">
    <ele>1000.41</ele>
   </trkpt>
   <trkpt lat="39.875690000000006" lon="32.7781">
    <ele>999.4600000000002</ele>
   </trkpt>
   <trkpt lat="39.875780000000006" lon="32.77787">
    <ele>997.4100000000001</ele>
   </trkpt>
   <trkpt lat="39.875840000000004" lon="32.777680000000004">
    <ele>995.7</ele>
   </trkpt>
   <trkpt lat="39.875910000000005" lon="32.7776">
    <ele>994.6300000000001</ele>
   </trkpt>
   <trkpt lat="39.87603" lon="32.7776">
    <ele>995.0000000000001</ele>
   </trkpt>
   <trkpt lat="39.87613" lon="32.77758">
    <ele>995.6100000000001</ele>
   </trkpt>
   <trkpt lat="39.876290000000004" lon="32.77751">
    <ele>995.3700000000001</ele>
   </trkpt>
   <trkpt lat="39.87642" lon="32.77752">
    <ele>996.3400000000001</ele>
   </trkpt>
   <trkpt lat="39.87655" lon="32.777530000000006">
    <ele>997.3000000000001</ele>
   </trkpt>
   <trkpt lat="39.87682" lon="32.777530000000006">
    <ele>998.83</ele>
   </trkpt>
   <trkpt lat="39.877010000000006" lon="32.777550000000005">
    <ele>999.9100000000001</ele>
   </trkpt>
   <trkpt lat="39.87715" lon="32.777590000000004">
    <ele>1000.14</ele>
   </trkpt>
   <trkpt lat="39.87738" lon="32.7777">
    <ele>999.95</ele>
   </trkpt>
   <trkpt lat="39.877570000000006" lon="32.777770000000004">
    <ele>998.84</ele>
   </trkpt>
   <trkpt lat="39.877770000000005" lon="32.77781">
    <ele>996.0500000000001</ele>
   </trkpt>
   <trkpt lat="39.878080000000004" lon="32.77787">
    <ele>991.44</ele>
   </trkpt>
   <trkpt lat="39.87816" lon="32.77788">
    <ele>990.1800000000001</ele>
   </trkpt>
   <trkpt lat="39.87848" lon="32.77805">
    <ele>986.1700000000001</ele>
   </trkpt>
   <trkpt lat="39.878600000000006" lon="32.7781">
    <ele>984.37</ele>
   </trkpt>
   <trkpt lat="39.8791" lon="32.77814">
    <ele>978.23</ele>
   </trkpt>
   <trkpt lat="39.879160000000006" lon="32.77805">
    <ele>977.0200000000001</ele>
   </trkpt>
   <trkpt lat="39.879290000000005" lon="32.77776">
    <ele>973.0200000000001</ele>
   </trkpt>
   <trkpt lat="39.879470000000005" lon="32.77749">
    <ele>969.5</ele>
   </trkpt>
   <trkpt lat="39.87962" lon="32.777280000000005">
    <ele>966.73</ele>
   </trkpt>
   <trkpt lat="39.87971" lon="32.77714">
    <ele>964.9200000000001</ele>
   </trkpt>
   <trkpt lat="39.87982" lon="32.77691">
    <ele>962.6300000000001</ele>
   </trkpt>
   <trkpt lat="39.879940000000005" lon="32.776700000000005">
    <ele>960.0600000000001</ele>
   </trkpt>
   <trkpt lat="39.88004" lon="32.77658">
    <ele>958.2900000000001</ele>
   </trkpt>
   <trkpt lat="39.880160000000004" lon="32.776500000000006">
    <ele>956.8000000000001</ele>
   </trkpt>
   <trkpt lat="39.88024" lon="32.77646">
    <ele>955.5100000000001</ele>
   </trkpt>
   <trkpt lat="39.88036" lon="32.77628">
    <ele>953.1700000000001</ele>
   </trkpt>
   <trkpt lat="39.88046000000001" lon="32.77611">
    <ele>950.85</ele>
   </trkpt>
   <trkpt lat="39.880520000000004" lon="32.77604">
    <ele>950.0100000000001</ele>
   </trkpt>
   <trkpt lat="39.880660000000006" lon="32.775980000000004">
    <ele>948.6000000000001</ele>
   </trkpt>
   <trkpt lat="39.880840000000006" lon="32.77593">
    <ele>948.03</ele>
   </trkpt>
   <trkpt lat="39.880970000000005" lon="32.77591">
    <ele>947.98</ele>
   </trkpt>
   <trkpt lat="39.881080000000004" lon="32.77592">
    <ele>948.0100000000001</ele>
   </trkpt>
   <trkpt lat="39.881170000000004" lon="32.77588">
    <ele>947.7900000000001</ele>
   </trkpt>
   <trkpt lat="39.881260000000005" lon="32.77577">
    <ele>947.1</ele>
   </trkpt>
   <trkpt lat="39.88134" lon="32.77562">
    <ele>945.96</ele>
   </trkpt>
   <trkpt lat="39.88143" lon="32.77554">
    <ele>944.4800000000001</ele>
   </trkpt>
   <trkpt lat="39.881550000000004" lon="32.775490000000005">
    <ele>943.08</ele>
   </trkpt>
   <trkpt lat="39.88161" lon="32.77534">
    <ele>942.86</ele>
   </trkpt>
   <trkpt lat="39.881660000000004" lon="32.775040000000004">
    <ele>944.19</ele>
   </trkpt>
   <trkpt lat="39.88174" lon="32.77478">
    <ele>946.15</ele>
   </trkpt>
   <trkpt lat="39.881800000000005" lon="32.77463">
    <ele>947.09</ele>
   </trkpt>
   <trkpt lat="39.88188" lon="32.77454">
    <ele>947.69</ele>
   </trkpt>
   <trkpt lat="39.88204" lon="32.77441">
    <ele>948.6600000000001</ele>
   </trkpt>
   <trkpt lat="39.88217" lon="32.774300000000004">
    <ele>949.64</ele>
   </trkpt>
   <trkpt lat="39.88223" lon="32.77423">
    <ele>950.1700000000001</ele>
   </trkpt>
   <trkpt lat="39.8823" lon="32.77411">
    <ele>950.6800000000001</ele>
   </trkpt>
   <trkpt lat="39.882360000000006" lon="32.773920000000004">
    <ele>952.6300000000001</ele>
   </trkpt>
   <trkpt lat="39.88239" lon="32.773700000000005">
    <ele>955.0600000000001</ele>
   </trkpt>
   <trkpt lat="39.882400000000004" lon="32.773430000000005">
    <ele>957.86</ele>
   </trkpt>
   <trkpt lat="39.88239" lon="32.77324">
    <ele>959.91</ele>
   </trkpt>
   <trkpt lat="39.88232" lon="32.77299">
    <ele>962.0500000000001</ele>
   </trkpt>
   <trkpt lat="39.88221" lon="32.772800000000004">
    <ele>963.9900000000001</ele>
   </trkpt>
   <trkpt lat="39.88208" lon="32.77257">
    <ele>965.9000000000001</ele>
   </trkpt>
   <trkpt lat="39.88196000000001" lon="32.77239">
    <ele>967.25</ele>
   </trkpt>
   <trkpt lat="39.88188" lon="32.772200000000005">
    <ele>969.0900000000001</ele>
   </trkpt>
   <trkpt lat="39.88179" lon="32.771950000000004">
    <ele>971.0000000000001</ele>
   </trkpt>
   <trkpt lat="39.88168" lon="32.77163">
    <ele>973.6600000000001</ele>
   </trkpt>
   <trkpt lat="39.881530000000005" lon="32.771060000000006">
    <ele>977.72</ele>
   </trkpt>
   <trkpt lat="39.88141" lon="32.770860000000006">
    <ele>978.96</ele>
   </trkpt>
   <trkpt lat="39.880930000000006" lon="32.77017">
    <ele>981.35</ele>
   </trkpt>
   <trkpt lat="39.880660000000006" lon="32.7697">
    <ele>983.21</ele>
   </trkpt>
   <trkpt lat="39.88055000000001" lon="32.76963">
    <ele>983.6</ele>
   </trkpt>
   <trkpt lat="39.880280000000006" lon="32.769510000000004">
    <ele>983.8000000000001</ele>
   </trkpt>
   <trkpt lat="39.87997" lon="32.76939">
    <ele>983.82</ele>
   </trkpt>
   <trkpt lat="39.8793" lon="32.76923">
    <ele>987.6800000000001</ele>
   </trkpt>
   <trkpt lat="39.87858000000001" lon="32.76905">
    <ele>992.3700000000001</ele>
   </trkpt>
   <trkpt lat="39.878350000000005" lon="32.76906">
    <ele>993.71</ele>
   </trkpt>
   <trkpt lat="39.878" lon="32.76917">
    <ele>995.9300000000001</ele>
   </trkpt>
   <trkpt lat="39.877750000000006" lon="32.76926">
    <ele>997.83</ele>
   </trkpt>
   <trkpt lat="39.8776" lon="32.76928">
    <ele>998.74</ele>
   </trkpt>
   <trkpt lat="39.877430000000004" lon="32.769200000000005">
    <ele>999.82</ele>
   </trkpt>
   <trkpt lat="39.87724" lon="32.76926">
    <ele>1000.89</ele>
   </trkpt>
   <trkpt lat="39.876990000000006" lon="32.76925">
    <ele>1001.9900000000001</ele>
   </trkpt>
   <trkpt lat="39.87679" lon="32.76925">
    <ele>1003.0400000000001</ele>
   </trkpt>
   <trkpt lat="39.87662" lon="32.76928">
    <ele>1003.7800000000001</ele>
   </trkpt>
   <trkpt lat="39.87641" lon="32.769270000000006">
    <ele>1004.6000000000001</ele>
   </trkpt>
   <trkpt lat="39.87624" lon="32.76926">
    <ele>1005.4100000000001</ele>
   </trkpt>
   <trkpt lat="39.876070000000006" lon="32.76932">
    <ele>1006.3600000000001</ele>
   </trkpt>
   <trkpt lat="39.87583" lon="32.7693">
    <ele>1007.3400000000001</ele>
   </trkpt>
   <trkpt lat="39.87520000000001" lon="32.76954">
    <ele>1010.35</ele>
   </trkpt>
   <trkpt lat="39.87476" lon="32.76963">
    <ele>1012.1</ele>
   </trkpt>
   <trkpt lat="39.87445" lon="32.769740000000006">
    <ele>1014.17</ele>
   </trkpt>
   <trkpt lat="39.87411" lon="32.76979">
    <ele>1016.2300000000001</ele>
   </trkpt>
   <trkpt lat="39.87373" lon="32.76984">
    <ele>1018.8700000000001</ele>
   </trkpt>
   <trkpt lat="39.873430000000006" lon="32.769940000000005">
    <ele>1021.44</ele>
   </trkpt>
   <trkpt lat="39.873070000000006" lon="32.77008">
    <ele>1025.05</ele>
   </trkpt>
   <trkpt lat="39.87274" lon="32.770210000000006">
    <ele>1029.1200000000001</ele>
   </trkpt>
   <trkpt lat="39.87247" lon="32.77033">
    <ele>1033.0300000000002</ele>
   </trkpt>
   <trkpt lat="39.872260000000004" lon="32.77051">
    <ele>1037.1000000000001</ele>
   </trkpt>
   <trkpt lat="39.87221" lon="32.770720000000004">
    <ele>1038.89</ele>
   </trkpt>
   <trkpt lat="39.8721" lon="32.77111">
    <ele>1038.68</ele>
   </trkpt>
   <trkpt lat="39.871880000000004" lon="32.77154">
    <ele>1037.8700000000001</ele>
   </trkpt>
   <trkpt lat="39.871640000000006" lon="32.772020000000005">
    <ele>1039.0700000000002</ele>
   </trkpt>
   <trkpt lat="39.87144" lon="32.77225">
    <ele>1037.74</ele>
   </trkpt>
   <trkpt lat="39.87125" lon="32.77239">
    <ele>1035.16</ele>
   </trkpt>
   <trkpt lat="39.871" lon="32.77245">
    <ele>1034.16</ele>
   </trkpt>
   <trkpt lat="39.87069" lon="32.7725">
    <ele>1033.7200000000003</ele>
   </trkpt>
   <trkpt lat="39.870450000000005" lon="32.772490000000005">
    <ele>1030.1200000000001</ele>
   </trkpt>
   <trkpt lat="39.870140000000006" lon="32.772470000000006">
    <ele>1030.1200000000001</ele>
   </trkpt>
   <trkpt lat="39.86981" lon="32.77237">
    <ele>1032.6000000000001</ele>
   </trkpt>
   <trkpt lat="39.86961" lon="32.772290000000005">
    <ele>1035.62</ele>
   </trkpt>
   <trkpt lat="39.86945" lon="32.77234">
    <ele>1035.5100000000002</ele>
   </trkpt>
   <trkpt lat="39.869150000000005" lon="32.772380000000005">
    <ele>1035.77</ele>
   </trkpt>
   <trkpt lat="39.86894" lon="32.77261">
    <ele>1031.52</ele>
   </trkpt>
   <trkpt lat="39.86869" lon="32.77275">
    <ele>1029.76</ele>
   </trkpt>
   <trkpt lat="39.868500000000004" lon="32.77281">
    <ele>1029.42</ele>
   </trkpt>
   <trkpt lat="39.868320000000004" lon="32.772760000000005">
    <ele>1028.68</ele>
   </trkpt>
   <trkpt lat="39.86822" lon="32.77268">
    <ele>1028.18</ele>
   </trkpt>
   <trkpt lat="39.86816" lon="32.77255">
    <ele>1028.16</ele>
   </trkpt>
   <trkpt lat="39.86804" lon="32.772290000000005">
    <ele>1028.27</ele>
   </trkpt>
   <trkpt lat="39.86798" lon="32.77217">
    <ele>1029.13</ele>
   </trkpt>
   <trkpt lat="39.867850000000004" lon="32.772090000000006">
    <ele>1028.3999999999999</ele>
   </trkpt>
   <trkpt lat="39.86778" lon="32.772130000000004">
    <ele>1027.8</ele>
   </trkpt>
   <trkpt lat="39.86777" lon="32.772220000000004">
    <ele>1026.94</ele>
   </trkpt>
   <trkpt lat="39.867760000000004" lon="32.77239">
    <ele>1026.1200000000001</ele>
   </trkpt>
   <trkpt lat="39.86775" lon="32.77239">
    <ele>1026.0200000000002</ele>
   </trkpt>
   <trkpt lat="39.86773" lon="32.77257">
    <ele>1025.5800000000002</ele>
   </trkpt>
   <trkpt lat="39.867670000000004" lon="32.77275">
    <ele>1024.93</ele>
   </trkpt>
   <trkpt lat="39.86762" lon="32.772850000000005">
    <ele>1024.6000000000001</ele>
   </trkpt>
   <trkpt lat="39.86755" lon="32.7729">
    <ele>1023.86</ele>
   </trkpt>
   <trkpt lat="39.86742" lon="32.77293">
    <ele>1023.4300000000001</ele>
   </trkpt>
   <trkpt lat="39.867270000000005" lon="32.77299">
    <ele>1022.3900000000001</ele>
   </trkpt>
   <trkpt lat="39.867140000000006" lon="32.773050000000005">
    <ele>1021.8500000000001</ele>
   </trkpt>
   <trkpt lat="39.86708" lon="32.77313">
    <ele>1021.2100000000002</ele>
   </trkpt>
   <trkpt lat="39.8671" lon="32.773230000000005">
    <ele>1020.48</ele>
   </trkpt>
   <trkpt lat="39.86719" lon="32.773410000000005">
    <ele>1019.0000000000001</ele>
   </trkpt>
   <trkpt lat="39.86722" lon="32.77364">
    <ele>1016.4699999999999</ele>
   </trkpt>
   <trkpt lat="39.86726" lon="32.77404">
    <ele>1014.4200000000001</ele>
   </trkpt>
   <trkpt lat="39.86735" lon="32.77418">
    <ele>1014.5000000000001</ele>
   </trkpt>
   <trkpt lat="39.867580000000004" lon="32.774370000000005">
    <ele>1015.3499999999999</ele>
   </trkpt>
   <trkpt lat="39.867740000000005" lon="32.77452">
    <ele>1015.5899999999999</ele>
   </trkpt>
   <trkpt lat="39.86798" lon="32.77479">
    <ele>1013.8500000000001</ele>
   </trkpt>
   <trkpt lat="39.868140000000004" lon="32.77498">
    <ele>1011.3800000000001</ele>
   </trkpt>
   <trkpt lat="39.868230000000004" lon="32.775180000000006">
    <ele>1009.44</ele>
   </trkpt>
   <trkpt lat="39.86822" lon="32.775180000000006">
    <ele>1009.44</ele>
   </trkpt>
   <trkpt lat="39.86827" lon="32.775290000000005">
    <ele>1008.88</ele>
   </trkpt>
   <trkpt lat="39.86829" lon="32.77544">
    <ele>1008.5300000000001</ele>
   </trkpt>
   <trkpt lat="39.868300000000005" lon="32.775580000000005">
    <ele>1008.8000000000001</ele>
   </trkpt>
   <trkpt lat="39.868280000000006" lon="32.77573">
    <ele>1009.22</ele>
   </trkpt>
   <trkpt lat="39.86826000000001" lon="32.775850000000005">
    <ele>1010.2500000000001</ele>
   </trkpt>
   <trkpt lat="39.86822" lon="32.77595">
    <ele>1011.2400000000001</ele>
   </trkpt>
   <trkpt lat="39.868140000000004" lon="32.776120000000006">
    <ele>1012.74</ele>
   </trkpt>
   <trkpt lat="39.868080000000006" lon="32.77624">
    <ele>1013.83</ele>
   </trkpt>
   <trkpt lat="39.867990000000006" lon="32.77633">
    <ele>1015.1700000000001</ele>
   </trkpt>
   <trkpt lat="39.8678" lon="32.77646">
    <ele>1017.25</ele>
   </trkpt>
   <trkpt lat="39.867450000000005" lon="32.776630000000004">
    <ele>1018.72</ele>
   </trkpt>
   <trkpt lat="39.86708" lon="32.77686">
    <ele>1019.5800000000002</ele>
   </trkpt>
   <trkpt lat="39.86674" lon="32.777060000000006">
    <ele>1020.82</ele>
   </trkpt>
   <trkpt lat="39.866530000000004" lon="32.77727">
    <ele>1022.1200000000001</ele>
   </trkpt>
   <trkpt lat="39.86621" lon="32.777640000000005">
    <ele>1026.43</ele>
   </trkpt>
   <trkpt lat="39.86609" lon="32.77779">
    <ele>1028.19</ele>
   </trkpt>
   <trkpt lat="39.866060000000004" lon="32.77789">
    <ele>1029.14</ele>
   </trkpt>
   <trkpt lat="39.86627" lon="32.77805">
    <ele>1028.63</ele>
   </trkpt>
   <trkpt lat="39.86639" lon="32.77817">
    <ele>1028.78</ele>
   </trkpt>
   <trkpt lat="39.866490000000006" lon="32.77836">
    <ele>1028.73</ele>
   </trkpt>
   <trkpt lat="39.86659" lon="32.778740000000006">
    <ele>1027.92</ele>
   </trkpt>
   <trkpt lat="39.86666" lon="32.77913">
    <ele>1027.1200000000001</ele>
   </trkpt>
   <trkpt lat="39.86677" lon="32.779520000000005">
    <ele>1025.73</ele>
   </trkpt>
   <trkpt lat="39.86686" lon="32.77998">
    <ele>1025.1200000000001</ele>
   </trkpt>
   <trkpt lat="39.86695" lon="32.78038">
    <ele>1024.1299999999999</ele>
   </trkpt>
   <trkpt lat="39.867050000000006" lon="32.780910000000006">
    <ele>1023.79</ele>
   </trkpt>
   <trkpt lat="39.86715" lon="32.78121">
    <ele>1023.5</ele>
   </trkpt>
   <trkpt lat="39.867160000000005" lon="32.781310000000005">
    <ele>1023.4800000000001</ele>
   </trkpt>
   <trkpt lat="39.86695" lon="32.781220000000005">
    <ele>1024.96</ele>
   </trkpt>
   <trkpt lat="39.86657" lon="32.781040000000004">
    <ele>1028.57</ele>
   </trkpt>
   <trkpt lat="39.86636" lon="32.78134">
    <ele>1031.13</ele>
   </trkpt>
   <trkpt lat="39.866130000000005" lon="32.78157">
    <ele>1031.91</ele>
   </trkpt>
   <trkpt lat="39.86594" lon="32.78173">
    <ele>1032.55</ele>
   </trkpt>
   <trkpt lat="39.86576" lon="32.781890000000004">
    <ele>1032.8500000000001</ele>
   </trkpt>
   <trkpt lat="39.865570000000005" lon="32.782050000000005">
    <ele>1032.1299999999999</ele>
   </trkpt>
   <trkpt lat="39.86533" lon="32.78213">
    <ele>1032.8500000000001</ele>
   </trkpt>
   <trkpt lat="39.865260000000006" lon="32.782140000000005">
    <ele>1033.4800000000002</ele>
   </trkpt>
   <trkpt lat="39.8652" lon="32.78215">
    <ele>1034.19</ele>
   </trkpt>
   <trkpt lat="39.865120000000005" lon="32.78215">
    <ele>1034.92</ele>
   </trkpt>
   <trkpt lat="39.86493" lon="32.78208">
    <ele>1038.17</ele>
   </trkpt>
   <trkpt lat="39.864630000000005" lon="32.782070000000004">
    <ele>1042.24</ele>
   </trkpt>
   <trkpt lat="39.86450000000001" lon="32.78226">
    <ele>1042.75</ele>
   </trkpt>
   <trkpt lat="39.86446" lon="32.78235">
    <ele>1042.89</ele>
   </trkpt>
   <trkpt lat="39.86437" lon="32.782500000000006">
    <ele>1044.0500000000002</ele>
   </trkpt>
   <trkpt lat="39.86417" lon="32.7826">
    <ele>1046.64</ele>
   </trkpt>
   <trkpt lat="39.86386" lon="32.78264">
    <ele>1051.46</ele>
   </trkpt>
   <trkpt lat="39.86363" lon="32.78258">
    <ele>1054.15</ele>
   </trkpt>
   <trkpt lat="39.86346" lon="32.782410000000006">
    <ele>1057.44</ele>
   </trkpt>
   <trkpt lat="39.863330000000005" lon="32.78229">
    <ele>1060.09</ele>
   </trkpt>
   <trkpt lat="39.86316" lon="32.78233">
    <ele>1062.03</ele>
   </trkpt>
   <trkpt lat="39.86294" lon="32.782250000000005">
    <ele>1064.67</ele>
   </trkpt>
   <trkpt lat="39.862730000000006" lon="32.78224">
    <ele>1068.3</ele>
   </trkpt>
   <trkpt lat="39.862570000000005" lon="32.78217">
    <ele>1071.39</ele>
   </trkpt>
   <trkpt lat="39.862320000000004" lon="32.78219">
    <ele>1075.49</ele>
   </trkpt>
   <trkpt lat="39.86211" lon="32.78242">
    <ele>1080.23</ele>
   </trkpt>
   <trkpt lat="39.861940000000004" lon="32.7826">
    <ele>1084.26</ele>
   </trkpt>
   <trkpt lat="39.86175" lon="32.78271">
    <ele>1088.09</ele>
   </trkpt>
   <trkpt lat="39.86162" lon="32.782610000000005">
    <ele>1089.73</ele>
   </trkpt>
   <trkpt lat="39.86148" lon="32.782450000000004">
    <ele>1090.8300000000002</ele>
   </trkpt>
   <trkpt lat="39.86126" lon="32.7824">
    <ele>1093.0000000000002</ele>
   </trkpt>
   <trkpt lat="39.86113" lon="32.7822">
    <ele>1093.8400000000001</ele>
   </trkpt>
   <trkpt lat="39.860800000000005" lon="32.78201">
    <ele>1095.46</ele>
   </trkpt>
   <trkpt lat="39.86059" lon="32.78186">
    <ele>1096.89</ele>
   </trkpt>
   <trkpt lat="39.860400000000006" lon="32.78161">
    <ele>1099.02</ele>
   </trkpt>
   <trkpt lat="39.85998" lon="32.78152">
    <ele>1103.24</ele>
   </trkpt>
   <trkpt lat="39.859480000000005" lon="32.78134">
    <ele>1112.96</ele>
   </trkpt>
   <trkpt lat="39.859" lon="32.78123">
    <ele>1123.5900000000001</ele>
   </trkpt>
   <trkpt lat="39.858160000000005" lon="32.78098">
    <ele>1142.22</ele>
   </trkpt>
   <trkpt lat="39.857760000000006" lon="32.78092">
    <ele>1149.8700000000001</ele>
   </trkpt>
   <trkpt lat="39.85736" lon="32.78094">
    <ele>1155.0800000000002</ele>
   </trkpt>
   <trkpt lat="39.856930000000006" lon="32.78088">
    <ele>1159.3200000000002</ele>
   </trkpt>
   <trkpt lat="39.85665" lon="32.78085">
    <ele>1161.46</ele>
   </trkpt>
   <trkpt lat="39.85638" lon="32.7807">
    <ele>1164.6000000000001</ele>
   </trkpt>
   <trkpt lat="39.85633" lon="32.78061">
    <ele>1165.3500000000001</ele>
   </trkpt>
   <trkpt lat="39.85656" lon="32.780480000000004">
    <ele>1166.19</ele>
   </trkpt>
   <trkpt lat="39.85669" lon="32.78031">
    <ele>1167.38</ele>
   </trkpt>
   <trkpt lat="39.856970000000004" lon="32.779720000000005">
    <ele>1169.8700000000001</ele>
   </trkpt>
   <trkpt lat="39.85743" lon="32.779410000000006">
    <ele>1166.0700000000002</ele>
   </trkpt>
   <trkpt lat="39.857620000000004" lon="32.779140000000005">
    <ele>1164.76</ele>
   </trkpt>
   <trkpt lat="39.857960001734604" lon="32.77851500299062">
    <ele>1163.7</ele>
   </trkpt>
   <trkpt lat="39.8583" lon="32.77789">
    <ele>1163.15</ele>
   </trkpt>
   <trkpt lat="39.858470000000004" lon="32.77731">
    <ele>1160.16</ele>
   </trkpt>
   <trkpt lat="39.85850000000001" lon="32.776790000000005">
    <ele>1156.3300000000002</ele>
   </trkpt>
   <trkpt lat="39.85846" lon="32.77662">
    <ele>1155.0500000000002</ele>
   </trkpt>
   <trkpt lat="39.857820000000004" lon="32.77731">
    <ele>1163.0200000000002</ele>
   </trkpt>
   <trkpt lat="39.85752" lon="32.77747">
    <ele>1165.7900000000002</ele>
   </trkpt>
   <trkpt lat="39.85693000012307" lon="32.777540000589674">
    <ele>1172.67</ele>
   </trkpt>
   <trkpt lat="39.85634" lon="32.77761">
    <ele>1180.45</ele>
   </trkpt>
   <trkpt lat="39.855700000081434" lon="32.77743999840343">
    <ele>1188.44</ele>
   </trkpt>
   <trkpt lat="39.85506" lon="32.77727">
    <ele>1196.86</ele>
   </trkpt>
   <trkpt lat="39.8545" lon="32.776990000000005">
    <ele>1202.8700000000001</ele>
   </trkpt>
   <trkpt lat="39.85419000137682" lon="32.776404997183455">
    <ele>1201.42</ele>
   </trkpt>
   <trkpt lat="39.853880000000004" lon="32.77582">
    <ele>1201.7900000000002</ele>
   </trkpt>
   <trkpt lat="39.853660000000005" lon="32.775310000000005">
    <ele>1203.8600000000001</ele>
   </trkpt>
   <trkpt lat="39.85329" lon="32.774710000000006">
    <ele>1209.48</ele>
   </trkpt>
   <trkpt lat="39.853300000000004" lon="32.774210000000004">
    <ele>1209.0700000000002</ele>
   </trkpt>
   <trkpt lat="39.853590000000004" lon="32.773810000000005">
    <ele>1201.96</ele>
   </trkpt>
   <trkpt lat="39.85380000000001" lon="32.77339">
    <ele>1197.5500000000002</ele>
   </trkpt>
   <trkpt lat="39.854060000000004" lon="32.773">
    <ele>1190.79</ele>
   </trkpt>
   <trkpt lat="39.853860000000005" lon="32.77221">
    <ele>1197.1000000000001</ele>
   </trkpt>
   <trkpt lat="39.85392" lon="32.7717">
    <ele>1197.0700000000002</ele>
   </trkpt>
   <trkpt lat="39.85396" lon="32.770990000000005">
    <ele>1204.52</ele>
   </trkpt>
   <trkpt lat="39.85414" lon="32.7706">
    <ele>1204.74</ele>
   </trkpt>
   <trkpt lat="39.854690000000005" lon="32.77001">
    <ele>1195.5500000000002</ele>
   </trkpt>
   <trkpt lat="39.85512000000001" lon="32.769420000000004">
    <ele>1191.84</ele>
   </trkpt>
   <trkpt lat="39.85445500048351" lon="32.769084996755105">
    <ele>1204.02</ele>
   </trkpt>
   <trkpt lat="39.853790000000004" lon="32.768750000000004">
    <ele>1216.18</ele>
   </trkpt>
   <trkpt lat="39.85314000074237" lon="32.76919000422682">
    <ele>1231.48</ele>
   </trkpt>
   <trkpt lat="39.85249" lon="32.76963">
    <ele>1235.57</ele>
   </trkpt>
   <trkpt lat="39.85193500243419" lon="32.77038500612216">
    <ele>1246.43</ele>
   </trkpt>
   <trkpt lat="39.851380000000006" lon="32.77114">
    <ele>1249.7</ele>
   </trkpt>
   <trkpt lat="39.85101" lon="32.771930000000005">
    <ele>1251.7</ele>
   </trkpt>
   <trkpt lat="39.85071000000001" lon="32.77282">
    <ele>1256.39</ele>
   </trkpt>
   <trkpt lat="39.85004000031357" lon="32.77304500216372">
    <ele>1260.7</ele>
   </trkpt>
   <trkpt lat="39.84937" lon="32.773270000000004">
    <ele>1265.8500000000001</ele>
   </trkpt>
   <trkpt lat="39.84870750050124" lon="32.77346500564206">
    <ele>1267.06</ele>
   </trkpt>
   <trkpt lat="39.84804500067599" lon="32.773660007520384">
    <ele>1265.89</ele>
   </trkpt>
   <trkpt lat="39.84738250052426" lon="32.77385500563512">
    <ele>1264.98</ele>
   </trkpt>
   <trkpt lat="39.846720000000005" lon="32.77405">
    <ele>1263.3400000000001</ele>
   </trkpt>
   <trkpt lat="39.84646" lon="32.774370000000005">
    <ele>1262.65</ele>
   </trkpt>
   <trkpt lat="39.846180000000004" lon="32.77508">
    <ele>1261.7500000000002</ele>
   </trkpt>
   <trkpt lat="39.846360000000004" lon="32.775940000000006">
    <ele>1259.49</ele>
   </trkpt>
   <trkpt lat="39.846735000674265" lon="32.77630499810593">
    <ele>1257.7500000000002</ele>
   </trkpt>
   <trkpt lat="39.84711" lon="32.77667">
    <ele>1255.4</ele>
   </trkpt>
   <trkpt lat="39.84769" lon="32.777080000000005">
    <ele>1252.18</ele>
   </trkpt>
   <trkpt lat="39.84825000048197" lon="32.77741499726745">
    <ele>1250.2300000000002</ele>
   </trkpt>
   <trkpt lat="39.84881" lon="32.777750000000005">
    <ele>1245.44</ele>
   </trkpt>
   <trkpt lat="39.849255001839644" lon="32.77839999582428">
    <ele>1238.25</ele>
   </trkpt>
   <trkpt lat="39.849700000000006" lon="32.779050000000005">
    <ele>1230.79</ele>
   </trkpt>
   <trkpt lat="39.84995" lon="32.77977">
    <ele>1226.5400000000002</ele>
   </trkpt>
   <trkpt lat="39.850280000744576" lon="32.780174998102645">
    <ele>1221.91</ele>
   </trkpt>
   <trkpt lat="39.85061" lon="32.78058">
    <ele>1219.3100000000002</ele>
   </trkpt>
   <trkpt lat="39.85112" lon="32.781130000000005">
    <ele>1216.0300000000002</ele>
   </trkpt>
   <trkpt lat="39.85154" lon="32.78161">
    <ele>1215.1000000000001</ele>
   </trkpt>
   <trkpt lat="39.85204" lon="32.78182">
    <ele>1211.92</ele>
   </trkpt>
   <trkpt lat="39.851960000000005" lon="32.782140000000005">
    <ele>1216.16</ele>
   </trkpt>
   <trkpt lat="39.852250000000005" lon="32.782970000000006">
    <ele>1223.5</ele>
   </trkpt>
   <trkpt lat="39.85230000000001" lon="32.78327">
    <ele>1226.8100000000002</ele>
   </trkpt>
   <trkpt lat="39.85266" lon="32.784060000000004">
    <ele>1233.77</ele>
   </trkpt>
   <trkpt lat="39.852650000000004" lon="32.78461">
    <ele>1236.66</ele>
   </trkpt>
   <trkpt lat="39.85264" lon="32.78461">
    <ele>1236.66</ele>
   </trkpt>
   <trkpt lat="39.85255" lon="32.785250000000005">
    <ele>1237.3400000000001</ele>
   </trkpt>
   <trkpt lat="39.852540000000005" lon="32.78609">
    <ele>1237.6</ele>
   </trkpt>
   <trkpt lat="39.85242" lon="32.78683">
    <ele>1239.0100000000002</ele>
   </trkpt>
   <trkpt lat="39.852555002565495" lon="32.78759499879624">
    <ele>1236.01</ele>
   </trkpt>
   <trkpt lat="39.85269" lon="32.788360000000004">
    <ele>1234.16</ele>
   </trkpt>
   <trkpt lat="39.8526" lon="32.78891">
    <ele>1239.73</ele>
   </trkpt>
   <trkpt lat="39.85255" lon="32.789350000000006">
    <ele>1242.94</ele>
   </trkpt>
   <trkpt lat="39.85229" lon="32.790130000000005">
    <ele>1246.5600000000002</ele>
   </trkpt>
   <trkpt lat="39.85211" lon="32.790380000000006">
    <ele>1248.2700000000002</ele>
   </trkpt>
   <trkpt lat="39.851870000000005" lon="32.79046">
    <ele>1249.8700000000001</ele>
   </trkpt>
   <trkpt lat="39.85145000000531" lon="32.7902099983138">
    <ele>1252.1100000000001</ele>
   </trkpt>
   <trkpt lat="39.85103" lon="32.78996">
    <ele>1256.73</ele>
   </trkpt>
   <trkpt lat="39.85087" lon="32.789910000000006">
    <ele>1257.29</ele>
   </trkpt>
   <trkpt lat="39.85051" lon="32.79014">
    <ele>1257.53</ele>
   </trkpt>
   <trkpt lat="39.85018" lon="32.790240000000004">
    <ele>1257.3700000000001</ele>
   </trkpt>
   <trkpt lat="39.85018" lon="32.79023">
    <ele>1257.45</ele>
   </trkpt>
   <trkpt lat="39.84982" lon="32.790020000000005">
    <ele>1257.92</ele>
   </trkpt>
   <trkpt lat="39.84913" lon="32.79008">
    <ele>1257.42</ele>
   </trkpt>
   <trkpt lat="39.84855000014733" lon="32.790210001081576">
    <ele>1253.03</ele>
   </trkpt>
   <trkpt lat="39.847970000000004" lon="32.79034">
    <ele>1249.67</ele>
   </trkpt>
   <trkpt lat="39.84796" lon="32.79034">
    <ele>1249.67</ele>
   </trkpt>
   <trkpt lat="39.84713" lon="32.79057">
    <ele>1248.5600000000002</ele>
   </trkpt>
   <trkpt lat="39.846470000000004" lon="32.79113">
    <ele>1247.51</ele>
   </trkpt>
   <trkpt lat="39.84646" lon="32.79113">
    <ele>1247.41</ele>
   </trkpt>
   <trkpt lat="39.84582" lon="32.79186">
    <ele>1244.15</ele>
   </trkpt>
   <trkpt lat="39.845240000000004" lon="32.79253">
    <ele>1240.5400000000002</ele>
   </trkpt>
   <trkpt lat="39.84503" lon="32.79265">
    <ele>1239.5</ele>
   </trkpt>
   <trkpt lat="39.84503" lon="32.792350000000006">
    <ele>1240.48</ele>
   </trkpt>
   <trkpt lat="39.84499" lon="32.79197">
    <ele>1242.2000000000003</ele>
   </trkpt>
   <trkpt lat="39.844930000000005" lon="32.791560000000004">
    <ele>1243.67</ele>
   </trkpt>
   <trkpt lat="39.844930000000005" lon="32.79155">
    <ele>1243.67</ele>
   </trkpt>
   <trkpt lat="39.84479" lon="32.79119">
    <ele>1243.6100000000001</ele>
   </trkpt>
   <trkpt lat="39.84449" lon="32.7913">
    <ele>1243.1000000000001</ele>
   </trkpt>
   <trkpt lat="39.84398" lon="32.791050000000006">
    <ele>1243.41</ele>
   </trkpt>
   <trkpt lat="39.843560000000004" lon="32.79079">
    <ele>1242.78</ele>
   </trkpt>
   <trkpt lat="39.84355" lon="32.79079">
    <ele>1242.82</ele>
   </trkpt>
   <trkpt lat="39.843180000000004" lon="32.79057">
    <ele>1241.2</ele>
   </trkpt>
   <trkpt lat="39.84317" lon="32.79057">
    <ele>1241.0700000000002</ele>
   </trkpt>
   <trkpt lat="39.84277" lon="32.790400000000005">
    <ele>1239.8500000000001</ele>
   </trkpt>
   <trkpt lat="39.84228" lon="32.79032">
    <ele>1237.8600000000001</ele>
   </trkpt>
   <trkpt lat="39.84181" lon="32.790690000000005">
    <ele>1234.85</ele>
   </trkpt>
   <trkpt lat="39.841640000000005" lon="32.7907">
    <ele>1234.17</ele>
   </trkpt>
   <trkpt lat="39.84145" lon="32.790670000000006">
    <ele>1232.14</ele>
   </trkpt>
   <trkpt lat="39.841210000000004" lon="32.79061">
    <ele>1228.7800000000002</ele>
   </trkpt>
   <trkpt lat="39.8412" lon="32.79061">
    <ele>1228.7800000000002</ele>
   </trkpt>
   <trkpt lat="39.84095000000001" lon="32.79046">
    <ele>1226.2</ele>
   </trkpt>
   <trkpt lat="39.840920000000004" lon="32.790130000000005">
    <ele>1228.5700000000002</ele>
   </trkpt>
   <trkpt lat="39.8408" lon="32.78976">
    <ele>1230.8100000000002</ele>
   </trkpt>
   <trkpt lat="39.840590000000006" lon="32.78929">
    <ele>1232.3300000000002</ele>
   </trkpt>
   <trkpt lat="39.840590000000006" lon="32.789300000000004">
    <ele>1232.07</ele>
   </trkpt>
   <trkpt lat="39.84002" lon="32.78947">
    <ele>1225.1200000000001</ele>
   </trkpt>
   <trkpt lat="39.84002" lon="32.789480000000005">
    <ele>1225.1200000000001</ele>
   </trkpt>
   <trkpt lat="39.83975" lon="32.78958">
    <ele>1222.92</ele>
   </trkpt>
   <trkpt lat="39.83975" lon="32.789590000000004">
    <ele>1222.6000000000001</ele>
   </trkpt>
   <trkpt lat="39.83961" lon="32.789820000000006">
    <ele>1220.0900000000001</ele>
   </trkpt>
   <trkpt lat="39.83946" lon="32.790110000000006">
    <ele>1217.5500000000002</ele>
   </trkpt>
   <trkpt lat="39.839290000000005" lon="32.79023">
    <ele>1216.2400000000002</ele>
   </trkpt>
   <trkpt lat="39.839290000000005" lon="32.790240000000004">
    <ele>1215.48</ele>
   </trkpt>
   <trkpt lat="39.839020000000005" lon="32.790290000000006">
    <ele>1215.5600000000002</ele>
   </trkpt>
   <trkpt lat="39.83874" lon="32.790380000000006">
    <ele>1214.73</ele>
   </trkpt>
   <trkpt lat="39.83831" lon="32.79061">
    <ele>1211.8600000000001</ele>
   </trkpt>
   <trkpt lat="39.83831" lon="32.790620000000004">
    <ele>1211.8600000000001</ele>
   </trkpt>
   <trkpt lat="39.83803" lon="32.79075">
    <ele>1209.63</ele>
   </trkpt>
   <trkpt lat="39.83776" lon="32.7909">
    <ele>1208.23</ele>
   </trkpt>
   <trkpt lat="39.83776" lon="32.790910000000004">
    <ele>1208.23</ele>
   </trkpt>
   <trkpt lat="39.837500000000006" lon="32.79102">
    <ele>1207.6200000000001</ele>
   </trkpt>
   <trkpt lat="39.83711" lon="32.79121">
    <ele>1206.76</ele>
   </trkpt>
   <trkpt lat="39.83686" lon="32.79131">
    <ele>1206.42</ele>
   </trkpt>
   <trkpt lat="39.83668" lon="32.79133">
    <ele>1205.69</ele>
   </trkpt>
   <trkpt lat="39.83632" lon="32.7915">
    <ele>1204.45</ele>
   </trkpt>
   <trkpt lat="39.836330000000004" lon="32.7915">
    <ele>1204.45</ele>
   </trkpt>
   <trkpt lat="39.83614" lon="32.791810000000005">
    <ele>1205.0200000000002</ele>
   </trkpt>
   <trkpt lat="39.836000000000006" lon="32.792">
    <ele>1204.15</ele>
   </trkpt>
   <trkpt lat="39.83585" lon="32.792190000000005">
    <ele>1201.8300000000002</ele>
   </trkpt>
   <trkpt lat="39.83572" lon="32.79249">
    <ele>1197.8200000000002</ele>
   </trkpt>
   <trkpt lat="39.83572" lon="32.792500000000004">
    <ele>1197.8200000000002</ele>
   </trkpt>
   <trkpt lat="39.835620000000006" lon="32.79276">
    <ele>1193.3</ele>
   </trkpt>
   <trkpt lat="39.83558" lon="32.7931">
    <ele>1188.74</ele>
   </trkpt>
   <trkpt lat="39.835550000000005" lon="32.793290000000006">
    <ele>1185.7300000000002</ele>
   </trkpt>
   <trkpt lat="39.83547" lon="32.79348">
    <ele>1183.19</ele>
   </trkpt>
   <trkpt lat="39.83538" lon="32.79364">
    <ele>1181.57</ele>
   </trkpt>
   <trkpt lat="39.83525" lon="32.79377">
    <ele>1180.67</ele>
   </trkpt>
   <trkpt lat="39.835240000000006" lon="32.79453">
    <ele>1171.5800000000002</ele>
   </trkpt>
   <trkpt lat="39.83516" lon="32.79516">
    <ele>1160.89</ele>
   </trkpt>
   <trkpt lat="39.835240000000006" lon="32.79587">
    <ele>1151.1100000000001</ele>
   </trkpt>
   <trkpt lat="39.835240000000006" lon="32.795880000000004">
    <ele>1151.1100000000001</ele>
   </trkpt>
   <trkpt lat="39.83545" lon="32.79661">
    <ele>1144.7800000000002</ele>
   </trkpt>
   <trkpt lat="39.83563" lon="32.796800000000005">
    <ele>1145.39</ele>
   </trkpt>
   <trkpt lat="39.83565" lon="32.79722">
    <ele>1142.3700000000001</ele>
   </trkpt>
   <trkpt lat="39.835570000000004" lon="32.797610000000006">
    <ele>1136.56</ele>
   </trkpt>
   <trkpt lat="39.83556" lon="32.797610000000006">
    <ele>1135.81</ele>
   </trkpt>
   <trkpt lat="39.83482" lon="32.79789">
    <ele>1111.8100000000002</ele>
   </trkpt>
   <trkpt lat="39.83509" lon="32.79816">
    <ele>1120.02</ele>
   </trkpt>
   <trkpt lat="39.8352" lon="32.79843">
    <ele>1123.8700000000001</ele>
   </trkpt>
   <trkpt lat="39.83543" lon="32.79872">
    <ele>1129.42</ele>
   </trkpt>
   <trkpt lat="39.83561" lon="32.799020000000006">
    <ele>1133.25</ele>
   </trkpt>
   <trkpt lat="39.83569000000001" lon="32.79919">
    <ele>1134.9900000000002</ele>
   </trkpt>
   <trkpt lat="39.83574" lon="32.79938">
    <ele>1137.0</ele>
   </trkpt>
   <trkpt lat="39.835750000000004" lon="32.799600000000005">
    <ele>1140.5100000000002</ele>
   </trkpt>
   <trkpt lat="39.83574" lon="32.799600000000005">
    <ele>1140.5100000000002</ele>
   </trkpt>
   <trkpt lat="39.835620000000006" lon="32.800580000000004">
    <ele>1156.26</ele>
   </trkpt>
   <trkpt lat="39.83552" lon="32.801370000000006">
    <ele>1171.2600000000002</ele>
   </trkpt>
   <trkpt lat="39.83545" lon="32.80156">
    <ele>1175.9</ele>
   </trkpt>
   <trkpt lat="39.835460000000005" lon="32.80156">
    <ele>1175.37</ele>
   </trkpt>
   <trkpt lat="39.83538" lon="32.80167">
    <ele>1178.9</ele>
   </trkpt>
   <trkpt lat="39.835390000000004" lon="32.801680000000005">
    <ele>1178.9</ele>
   </trkpt>
   <trkpt lat="39.83527" lon="32.80181">
    <ele>1181.75</ele>
   </trkpt>
   <trkpt lat="39.834770000000006" lon="32.80182">
    <ele>1184.14</ele>
   </trkpt>
   <trkpt lat="39.834520000000005" lon="32.801880000000004">
    <ele>1183.92</ele>
   </trkpt>
   <trkpt lat="39.834520000000005" lon="32.80187">
    <ele>1183.44</ele>
   </trkpt>
   <trkpt lat="39.83433" lon="32.80201">
    <ele>1184.28</ele>
   </trkpt>
   <trkpt lat="39.83426" lon="32.80234">
    <ele>1186.25</ele>
   </trkpt>
   <trkpt lat="39.834160000000004" lon="32.80277">
    <ele>1188.3000000000002</ele>
   </trkpt>
   <trkpt lat="39.83415" lon="32.80277">
    <ele>1188.11</ele>
   </trkpt>
   <trkpt lat="39.83395" lon="32.80341">
    <ele>1189.42</ele>
   </trkpt>
   <trkpt lat="39.833510000000004" lon="32.80397">
    <ele>1191.06</ele>
   </trkpt>
   <trkpt lat="39.8335" lon="32.80397">
    <ele>1190.7800000000002</ele>
   </trkpt>
   <trkpt lat="39.833130000000004" lon="32.80433">
    <ele>1192.8</ele>
   </trkpt>
   <trkpt lat="39.832640000000005" lon="32.804660000000005">
    <ele>1194.96</ele>
   </trkpt>
   <trkpt lat="39.83241" lon="32.804480000000005">
    <ele>1194.0900000000001</ele>
   </trkpt>
   <trkpt lat="39.831900000000005" lon="32.80391">
    <ele>1189.0500000000002</ele>
   </trkpt>
   <trkpt lat="39.83189" lon="32.80391">
    <ele>1188.97</ele>
   </trkpt>
   <trkpt lat="39.831590000000006" lon="32.80369">
    <ele>1184.42</ele>
   </trkpt>
   <trkpt lat="39.831250000000004" lon="32.80341">
    <ele>1179.8500000000001</ele>
   </trkpt>
   <trkpt lat="39.83124" lon="32.80341">
    <ele>1179.5900000000001</ele>
   </trkpt>
   <trkpt lat="39.83079" lon="32.803140000000006">
    <ele>1172.44</ele>
   </trkpt>
   <trkpt lat="39.830400000000004" lon="32.80297">
    <ele>1168.32</ele>
   </trkpt>
   <trkpt lat="39.83039" lon="32.80297">
    <ele>1168.32</ele>
   </trkpt>
   <trkpt lat="39.829890000000006" lon="32.802780000000006">
    <ele>1166.02</ele>
   </trkpt>
   <trkpt lat="39.82932" lon="32.80259">
    <ele>1166.63</ele>
   </trkpt>
   <trkpt lat="39.82862" lon="32.80246">
    <ele>1165.81</ele>
   </trkpt>
   <trkpt lat="39.82828000000001" lon="32.80234">
    <ele>1164.5700000000002</ele>
   </trkpt>
   <trkpt lat="39.8278" lon="32.80234">
    <ele>1161.93</ele>
   </trkpt>
   <trkpt lat="39.82723" lon="32.80241">
    <ele>1158.96</ele>
   </trkpt>
   <trkpt lat="39.826420000000006" lon="32.80214">
    <ele>1145.8000000000002</ele>
   </trkpt>
   <trkpt lat="39.8258" lon="32.8027">
    <ele>1132.68</ele>
   </trkpt>
   <trkpt lat="39.825610000000005" lon="32.80263">
    <ele>1132.7200000000003</ele>
   </trkpt>
   <trkpt lat="39.8256" lon="32.80263">
    <ele>1132.43</ele>
   </trkpt>
   <trkpt lat="39.825520000000004" lon="32.80229">
    <ele>1131.64</ele>
   </trkpt>
   <trkpt lat="39.82551" lon="32.80229">
    <ele>1130.6200000000001</ele>
   </trkpt>
   <trkpt lat="39.825320000000005" lon="32.80218">
    <ele>1124.89</ele>
   </trkpt>
   <trkpt lat="39.82509" lon="32.80212">
    <ele>1118.8700000000001</ele>
   </trkpt>
   <trkpt lat="39.824920000000006" lon="32.802130000000005">
    <ele>1115.3500000000001</ele>
   </trkpt>
   <trkpt lat="39.82471" lon="32.802240000000005">
    <ele>1111.3600000000001</ele>
   </trkpt>
   <trkpt lat="39.82471" lon="32.80223">
    <ele>1111.3600000000001</ele>
   </trkpt>
   <trkpt lat="39.824540000000006" lon="32.802420000000005">
    <ele>1109.5000000000002</ele>
   </trkpt>
   <trkpt lat="39.82439" lon="32.802670000000006">
    <ele>1107.58</ele>
   </trkpt>
   <trkpt lat="39.824250000000006" lon="32.8027">
    <ele>1104.8200000000002</ele>
   </trkpt>
   <trkpt lat="39.824110000000005" lon="32.8027">
    <ele>1102.5</ele>
   </trkpt>
   <trkpt lat="39.8241" lon="32.8027">
    <ele>1102.5</ele>
   </trkpt>
   <trkpt lat="39.823840000000004" lon="32.80245">
    <ele>1097.9800000000002</ele>
   </trkpt>
   <trkpt lat="39.82383" lon="32.80245">
    <ele>1097.3700000000001</ele>
   </trkpt>
   <trkpt lat="39.82376" lon="32.802240000000005">
    <ele>1096.6100000000001</ele>
   </trkpt>
   <trkpt lat="39.82376" lon="32.80223">
    <ele>1096.12</ele>
   </trkpt>
   <trkpt lat="39.82365" lon="32.80182">
    <ele>1094.36</ele>
   </trkpt>
   <trkpt lat="39.82345" lon="32.801460000000006">
    <ele>1092.06</ele>
   </trkpt>
   <trkpt lat="39.823240000000006" lon="32.80129">
    <ele>1091.16</ele>
   </trkpt>
   <trkpt lat="39.823040000000006" lon="32.80136">
    <ele>1090.93</ele>
   </trkpt>
   <trkpt lat="39.822790000000005" lon="32.80149">
    <ele>1090.27</ele>
   </trkpt>
   <trkpt lat="39.82253" lon="32.80149">
    <ele>1089.01</ele>
   </trkpt>
   <trkpt lat="39.82226" lon="32.801480000000005">
    <ele>1090.3</ele>
   </trkpt>
   <trkpt lat="39.82202" lon="32.801460000000006">
    <ele>1093.8100000000002</ele>
   </trkpt>
   <trkpt lat="39.821760000000005" lon="32.8014">
    <ele>1097.8100000000002</ele>
   </trkpt>
   <trkpt lat="39.821560000000005" lon="32.8012">
    <ele>1103.13</ele>
   </trkpt>
   <trkpt lat="39.82152000000001" lon="32.800810000000006">
    <ele>1102.91</ele>
   </trkpt>
   <trkpt lat="39.82143000000001" lon="32.80068">
    <ele>1102.75</ele>
   </trkpt>
   <trkpt lat="39.8211" lon="32.80057">
    <ele>1104.74</ele>
   </trkpt>
   <trkpt lat="39.82103" lon="32.80064">
    <ele>1106.24</ele>
   </trkpt>
   <trkpt lat="39.8211" lon="32.800760000000004">
    <ele>1107.07</ele>
   </trkpt>
   <trkpt lat="39.8211" lon="32.80075">
    <ele>1106.8</ele>
   </trkpt>
   <trkpt lat="39.82124" lon="32.80098">
    <ele>1107.13</ele>
   </trkpt>
   <trkpt lat="39.821160000000006" lon="32.80109">
    <ele>1106.71</ele>
   </trkpt>
   <trkpt lat="39.8209" lon="32.80111">
    <ele>1105.96</ele>
   </trkpt>
   <trkpt lat="39.82041" lon="32.80127">
    <ele>1104.41</ele>
   </trkpt>
   <trkpt lat="39.8203" lon="32.8014">
    <ele>1103.8300000000002</ele>
   </trkpt>
   <trkpt lat="39.82016" lon="32.801480000000005">
    <ele>1103.78</ele>
   </trkpt>
   <trkpt lat="39.81993000000001" lon="32.80147">
    <ele>1104.3100000000002</ele>
   </trkpt>
   <trkpt lat="39.819630000000004" lon="32.801460000000006">
    <ele>1104.73</ele>
   </trkpt>
   <trkpt lat="39.81962" lon="32.801460000000006">
    <ele>1104.73</ele>
   </trkpt>
   <trkpt lat="39.81942" lon="32.80156">
    <ele>1105.1200000000001</ele>
   </trkpt>
   <trkpt lat="39.819320000000005" lon="32.801750000000006">
    <ele>1104.96</ele>
   </trkpt>
   <trkpt lat="39.81931" lon="32.801750000000006">
    <ele>1104.92</ele>
   </trkpt>
   <trkpt lat="39.81926" lon="32.80198">
    <ele>1103.0300000000002</ele>
   </trkpt>
   <trkpt lat="39.819120000000005" lon="32.80221">
    <ele>1101.34</ele>
   </trkpt>
   <trkpt lat="39.818870000000004" lon="32.802350000000004">
    <ele>1099.41</ele>
   </trkpt>
   <trkpt lat="39.81886" lon="32.80234">
    <ele>1099.97</ele>
   </trkpt>
   <trkpt lat="39.81864" lon="32.80239">
    <ele>1096.8</ele>
   </trkpt>
   <trkpt lat="39.81839" lon="32.80237">
    <ele>1093.0300000000002</ele>
   </trkpt>
   <trkpt lat="39.81812" lon="32.80245">
    <ele>1087.9800000000002</ele>
   </trkpt>
   <trkpt lat="39.817890000000006" lon="32.80243">
    <ele>1084.5800000000002</ele>
   </trkpt>
   <trkpt lat="39.81754" lon="32.80241">
    <ele>1080.1000000000001</ele>
   </trkpt>
   <trkpt lat="39.81721" lon="32.80256">
    <ele>1074.2</ele>
   </trkpt>
   <trkpt lat="39.81685" lon="32.802640000000004">
    <ele>1067.94</ele>
   </trkpt>
   <trkpt lat="39.81685" lon="32.80263">
    <ele>1067.94</ele>
   </trkpt>
   <trkpt lat="39.81663" lon="32.80275">
    <ele>1063.5100000000002</ele>
   </trkpt>
   <trkpt lat="39.8164" lon="32.80321">
    <ele>1055.3799999999999</ele>
   </trkpt>
   <trkpt lat="39.816030000000005" lon="32.80364">
    <ele>1045.3400000000001</ele>
   </trkpt>
   <trkpt lat="39.81568" lon="32.80407">
    <ele>1037.5</ele>
   </trkpt>
   <trkpt lat="39.81551" lon="32.80424">
    <ele>1034.84</ele>
   </trkpt>
   <trkpt lat="39.8151" lon="32.80433">
    <ele>1033.2100000000003</ele>
   </trkpt>
   <trkpt lat="39.814730000000004" lon="32.80427">
    <ele>1031.96</ele>
   </trkpt>
   <trkpt lat="39.81472" lon="32.80427">
    <ele>1031.7500000000002</ele>
   </trkpt>
   <trkpt lat="39.8145" lon="32.80415">
    <ele>1030.46</ele>
   </trkpt>
   <trkpt lat="39.814280000000004" lon="32.804010000000005">
    <ele>1028.6699999999998</ele>
   </trkpt>
   <trkpt lat="39.81427" lon="32.804010000000005">
    <ele>1028.43</ele>
   </trkpt>
   <trkpt lat="39.81387" lon="32.80417">
    <ele>1026.0200000000002</ele>
   </trkpt>
   <trkpt lat="39.8136" lon="32.804300000000005">
    <ele>1023.0600000000001</ele>
   </trkpt>
   <trkpt lat="39.81344" lon="32.80449">
    <ele>1021.3000000000001</ele>
   </trkpt>
   <trkpt lat="39.81344" lon="32.804500000000004">
    <ele>1021.3000000000001</ele>
   </trkpt>
   <trkpt lat="39.813300000000005" lon="32.804550000000006">
    <ele>1019.44</ele>
   </trkpt>
   <trkpt lat="39.81335" lon="32.80505">
    <ele>1020.4699999999999</ele>
   </trkpt>
   <trkpt lat="39.81335" lon="32.805060000000005">
    <ele>1020.4699999999999</ele>
   </trkpt>
   <trkpt lat="39.81349" lon="32.80556">
    <ele>1015.6</ele>
   </trkpt>
   <trkpt lat="39.81382" lon="32.80599">
    <ele>1008.61</ele>
   </trkpt>
   <trkpt lat="39.813860000000005" lon="32.80651">
    <ele>1003.05</ele>
   </trkpt>
   <trkpt lat="39.81383" lon="32.80707">
    <ele>999.53</ele>
   </trkpt>
   <trkpt lat="39.813950000000006" lon="32.80749">
    <ele>998.8500000000001</ele>
   </trkpt>
   <trkpt lat="39.813950000000006" lon="32.807500000000005">
    <ele>998.72</ele>
   </trkpt>
   <trkpt lat="39.81423" lon="32.80796">
    <ele>998.3000000000001</ele>
   </trkpt>
   <trkpt lat="39.8145" lon="32.80843">
    <ele>1000.4399999999999</ele>
   </trkpt>
   <trkpt lat="39.8145" lon="32.808440000000004">
    <ele>1000.89</ele>
   </trkpt>
   <trkpt lat="39.814600000000006" lon="32.80874">
    <ele>1004.37</ele>
   </trkpt>
   <trkpt lat="39.81483" lon="32.8093">
    <ele>1011.57</ele>
   </trkpt>
   <trkpt lat="39.814840000000004" lon="32.8093">
    <ele>1011.6800000000001</ele>
   </trkpt>
   <trkpt lat="39.81508000182365" lon="32.80993499802871">
    <ele>1006.1600000000002</ele>
   </trkpt>
   <trkpt lat="39.81532" lon="32.810570000000006">
    <ele>1002.07</ele>
   </trkpt>
   <trkpt lat="39.81532" lon="32.81158">
    <ele>998.1700000000001</ele>
   </trkpt>
   <trkpt lat="39.81528" lon="32.81226">
    <ele>1006.51</ele>
   </trkpt>
   <trkpt lat="39.815340000000006" lon="32.8127">
    <ele>1011.26</ele>
   </trkpt>
   <trkpt lat="39.81566" lon="32.81317">
    <ele>1014.85</ele>
   </trkpt>
   <trkpt lat="39.81564" lon="32.81401">
    <ele>1008.59</ele>
   </trkpt>
   <trkpt lat="39.81537" lon="32.814400000000006">
    <ele>1002.24</ele>
   </trkpt>
   <trkpt lat="39.815380000000005" lon="32.814400000000006">
    <ele>1001.4800000000001</ele>
   </trkpt>
   <trkpt lat="39.815250000000006" lon="32.81476">
    <ele>995.07</ele>
   </trkpt>
   <trkpt lat="39.81514000000001" lon="32.8151">
    <ele>988.32</ele>
   </trkpt>
   <trkpt lat="39.81514000000001" lon="32.815110000000004">
    <ele>988.32</ele>
   </trkpt>
   <trkpt lat="39.81479" lon="32.81543">
    <ele>984.1400000000001</ele>
   </trkpt>
   <trkpt lat="39.81459" lon="32.81561">
    <ele>981.8000000000001</ele>
   </trkpt>
   <trkpt lat="39.81436" lon="32.8157">
    <ele>980.69</ele>
   </trkpt>
   <trkpt lat="39.81427" lon="32.816010000000006">
    <ele>978.83</ele>
   </trkpt>
   <trkpt lat="39.81407" lon="32.816950000000006">
    <ele>972.3100000000001</ele>
   </trkpt>
   <trkpt lat="39.814080000000004" lon="32.816950000000006">
    <ele>972.2900000000001</ele>
   </trkpt>
   <trkpt lat="39.81396" lon="32.81757">
    <ele>972.07</ele>
   </trkpt>
   <trkpt lat="39.8138" lon="32.81819">
    <ele>972.1200000000001</ele>
   </trkpt>
   <trkpt lat="39.8138" lon="32.818200000000004">
    <ele>972.1200000000001</ele>
   </trkpt>
   <trkpt lat="39.813660000000006" lon="32.81888">
    <ele>972.2900000000001</ele>
   </trkpt>
   <trkpt lat="39.81358" lon="32.81962">
    <ele>974.35</ele>
   </trkpt>
   <trkpt lat="39.81357500157114" lon="32.8202250000261">
    <ele>976.45</ele>
   </trkpt>
   <trkpt lat="39.813570000000006" lon="32.82083">
    <ele>977.8000000000001</ele>
   </trkpt>
   <trkpt lat="39.813570000000006" lon="32.820840000000004">
    <ele>977.9300000000001</ele>
   </trkpt>
   <trkpt lat="39.813550000000006" lon="32.821380000000005">
    <ele>979.5300000000001</ele>
   </trkpt>
   <trkpt lat="39.81383" lon="32.82134">
    <ele>979.5400000000001</ele>
   </trkpt>
   <trkpt lat="39.814150000000005" lon="32.821360000000006">
    <ele>979.69</ele>
   </trkpt>
   <trkpt lat="39.81477" lon="32.82143">
    <ele>977.9300000000001</ele>
   </trkpt>
   <trkpt lat="39.815310000000004" lon="32.821160000000006">
    <ele>976.16</ele>
   </trkpt>
   <trkpt lat="39.8153" lon="32.821160000000006">
    <ele>976.16</ele>
   </trkpt>
   <trkpt lat="39.815760000000004" lon="32.82117">
    <ele>976.6700000000001</ele>
   </trkpt>
   <trkpt lat="39.81575" lon="32.82117">
    <ele>976.6700000000001</ele>
   </trkpt>
   <trkpt lat="39.81624" lon="32.82112">
    <ele>976.52</ele>
   </trkpt>
   <trkpt lat="39.81689" lon="32.82105">
    <ele>977.1200000000001</ele>
   </trkpt>
   <trkpt lat="39.817510000000006" lon="32.82103">
    <ele>973.35</ele>
   </trkpt>
   <trkpt lat="39.8179" lon="32.821160000000006">
    <ele>980.1500000000001</ele>
   </trkpt>
   <trkpt lat="39.81828" lon="32.821070000000006">
    <ele>980.7300000000001</ele>
   </trkpt>
   <trkpt lat="39.818290000000005" lon="32.821070000000006">
    <ele>980.7300000000001</ele>
   </trkpt>
   <trkpt lat="39.81888" lon="32.82072">
    <ele>969.64</ele>
   </trkpt>
   <trkpt lat="39.81929" lon="32.82083">
    <ele>979.71</ele>
   </trkpt>
   <trkpt lat="39.81962" lon="32.820800000000006">
    <ele>981.9000000000001</ele>
   </trkpt>
   <trkpt lat="39.820310000000006" lon="32.820440000000005">
    <ele>969.3900000000001</ele>
   </trkpt>
   <trkpt lat="39.82112" lon="32.82045">
    <ele>969.46</ele>
   </trkpt>
   <trkpt lat="39.82112" lon="32.820460000000004">
    <ele>969.9200000000001</ele>
   </trkpt>
   <trkpt lat="39.82176500073452" lon="32.8208649962176">
    <ele>967.73</ele>
   </trkpt>
   <trkpt lat="39.822410000000005" lon="32.821270000000005">
    <ele>969.37</ele>
   </trkpt>
   <trkpt lat="39.82278" lon="32.822190000000006">
    <ele>969.23</ele>
   </trkpt>
   <trkpt lat="39.82278" lon="32.822880000000005">
    <ele>968.7500000000001</ele>
   </trkpt>
   <trkpt lat="39.82264" lon="32.82359">
    <ele>969.19</ele>
   </trkpt>
   <trkpt lat="39.822720000000004" lon="32.82464">
    <ele>969.96</ele>
   </trkpt>
   <trkpt lat="39.82271" lon="32.82464">
    <ele>969.7900000000001</ele>
   </trkpt>
   <trkpt lat="39.822950000000006" lon="32.825520000000004">
    <ele>969.5100000000001</ele>
   </trkpt>
   <trkpt lat="39.822950000000006" lon="32.82551">
    <ele>969.5100000000001</ele>
   </trkpt>
   <trkpt lat="39.82305" lon="32.826440000000005">
    <ele>969.67</ele>
   </trkpt>
   <trkpt lat="39.82286000176789" lon="32.82708000173673">
    <ele>970.62</ele>
   </trkpt>
   <trkpt lat="39.82267" lon="32.82772">
    <ele>968.96</ele>
   </trkpt>
   <trkpt lat="39.82233500138782" lon="32.828275002596925">
    <ele>969.11</ele>
   </trkpt>
   <trkpt lat="39.822" lon="32.82883">
    <ele>969.6500000000001</ele>
   </trkpt>
   <trkpt lat="39.821780000000004" lon="32.827980000000004">
    <ele>975.86</ele>
   </trkpt>
   <trkpt lat="39.82177" lon="32.82797">
    <ele>976.1200000000001</ele>
   </trkpt>
   <trkpt lat="39.82161" lon="32.82752">
    <ele>979.71</ele>
   </trkpt>
   <trkpt lat="39.82133" lon="32.82725">
    <ele>986.4200000000001</ele>
   </trkpt>
   <trkpt lat="39.82144" lon="32.82687">
    <ele>990.7900000000001</ele>
   </trkpt>
   <trkpt lat="39.821540000000006" lon="32.82641">
    <ele>996.96</ele>
   </trkpt>
   <trkpt lat="39.821380000000005" lon="32.82613">
    <ele>1006.69</ele>
   </trkpt>
   <trkpt lat="39.82112" lon="32.826100000000004">
    <ele>1013.9</ele>
   </trkpt>
   <trkpt lat="39.82112" lon="32.82609">
    <ele>1013.9</ele>
   </trkpt>
   <trkpt lat="39.82094" lon="32.82567">
    <ele>1025.14</ele>
   </trkpt>
   <trkpt lat="39.820780000000006" lon="32.825300000000006">
    <ele>1033.8500000000001</ele>
   </trkpt>
   <trkpt lat="39.82052" lon="32.82482">
    <ele>1042.68</ele>
   </trkpt>
   <trkpt lat="39.8205" lon="32.824020000000004">
    <ele>1046.41</ele>
   </trkpt>
   <trkpt lat="39.82041" lon="32.82372">
    <ele>1046.91</ele>
   </trkpt>
   <trkpt lat="39.819900000000004" lon="32.823750000000004">
    <ele>1052.8700000000001</ele>
   </trkpt>
   <trkpt lat="39.81945" lon="32.82397">
    <ele>1056.69</ele>
   </trkpt>
   <trkpt lat="39.81870000017407" lon="32.82417000218205">
    <ele>1056.95</ele>
   </trkpt>
   <trkpt lat="39.81795" lon="32.82437">
    <ele>1052.04</ele>
   </trkpt>
   <trkpt lat="39.817420000000006" lon="32.82444">
    <ele>1050.8000000000002</ele>
   </trkpt>
   <trkpt lat="39.81692" lon="32.82468">
    <ele>1054.5900000000001</ele>
   </trkpt>
   <trkpt lat="39.81627" lon="32.825030000000005">
    <ele>1056.77</ele>
   </trkpt>
   <trkpt lat="39.81548" lon="32.825">
    <ele>1046.44</ele>
   </trkpt>
   <trkpt lat="39.81485" lon="32.82499">
    <ele>1030.98</ele>
   </trkpt>
   <trkpt lat="39.81438" lon="32.82479">
    <ele>1021.2800000000002</ele>
   </trkpt>
   <trkpt lat="39.81418" lon="32.824450000000006">
    <ele>1016.82</ele>
   </trkpt>
   <trkpt lat="39.81395000142938" lon="32.82388499825497">
    <ele>1009.09</ele>
   </trkpt>
   <trkpt lat="39.81372" lon="32.82332">
    <ele>1001.4500000000002</ele>
   </trkpt>
   <trkpt lat="39.81349" lon="32.822480000000006">
    <ele>988.6</ele>
   </trkpt>
   <trkpt lat="39.81333" lon="32.8234">
    <ele>998.32</ele>
   </trkpt>
   <trkpt lat="39.813350001467" lon="32.82398499977629">
    <ele>1004.0400000000001</ele>
   </trkpt>
   <trkpt lat="39.813370000000006" lon="32.82457">
    <ele>1009.2100000000002</ele>
   </trkpt>
   <trkpt lat="39.81344" lon="32.82491">
    <ele>1011.86</ele>
   </trkpt>
   <trkpt lat="39.81369" lon="32.825250000000004">
    <ele>1016.2300000000001</ele>
   </trkpt>
   <trkpt lat="39.81369" lon="32.82524">
    <ele>1016.2300000000001</ele>
   </trkpt>
   <trkpt lat="39.81398" lon="32.82546">
    <ele>1018.9400000000002</ele>
   </trkpt>
   <trkpt lat="39.81457" lon="32.82589">
    <ele>1026.52</ele>
   </trkpt>
   <trkpt lat="39.81501" lon="32.82622">
    <ele>1036.54</ele>
   </trkpt>
   <trkpt lat="39.81506" lon="32.826350000000005">
    <ele>1037.42</ele>
   </trkpt>
   <trkpt lat="39.81492" lon="32.82661">
    <ele>1034.14</ele>
   </trkpt>
   <trkpt lat="39.814710000000005" lon="32.82656">
    <ele>1030.0500000000002</ele>
   </trkpt>
   <trkpt lat="39.81447" lon="32.826660000000004">
    <ele>1027.0400000000002</ele>
   </trkpt>
   <trkpt lat="39.81447" lon="32.82665">
    <ele>1027.0400000000002</ele>
   </trkpt>
   <trkpt lat="39.81429" lon="32.82679">
    <ele>1025.53</ele>
   </trkpt>
   <trkpt lat="39.81423" lon="32.82705">
    <ele>1024.99</ele>
   </trkpt>
   <trkpt lat="39.814310000000006" lon="32.82741">
    <ele>1024.8300000000002</ele>
   </trkpt>
   <trkpt lat="39.814400000000006" lon="32.82761">
    <ele>1026.0200000000002</ele>
   </trkpt>
   <trkpt lat="39.814400000000006" lon="32.82781">
    <ele>1024.73</ele>
   </trkpt>
   <trkpt lat="39.81434" lon="32.8281">
    <ele>1023.33</ele>
   </trkpt>
   <trkpt lat="39.81425" lon="32.82855">
    <ele>1020.6000000000001</ele>
   </trkpt>
   <trkpt lat="39.814130000000006" lon="32.828630000000004">
    <ele>1017.18</ele>
   </trkpt>
   <trkpt lat="39.814130000000006" lon="32.82862">
    <ele>1017.18</ele>
   </trkpt>
   <trkpt lat="39.813500000000005" lon="32.828790000000005">
    <ele>1011.5500000000002</ele>
   </trkpt>
   <trkpt lat="39.81349" lon="32.828790000000005">
    <ele>1011.5500000000002</ele>
   </trkpt>
   <trkpt lat="39.81344" lon="32.82891">
    <ele>1011.84</ele>
   </trkpt>
   <trkpt lat="39.81347" lon="32.829170000000005">
    <ele>1012.6300000000001</ele>
   </trkpt>
   <trkpt lat="39.81356" lon="32.829820000000005">
    <ele>1015.3800000000001</ele>
   </trkpt>
   <trkpt lat="39.81372" lon="32.83034">
    <ele>1017.4800000000001</ele>
   </trkpt>
   <trkpt lat="39.813950000000006" lon="32.8311">
    <ele>1019.9599999999999</ele>
   </trkpt>
   <trkpt lat="39.81403" lon="32.831410000000005">
    <ele>1022.4699999999999</ele>
   </trkpt>
   <trkpt lat="39.81405" lon="32.83193">
    <ele>1028.9</ele>
   </trkpt>
   <trkpt lat="39.8143" lon="32.832620000000006">
    <ele>1028.5000000000002</ele>
   </trkpt>
   <trkpt lat="39.81438" lon="32.832930000000005">
    <ele>1031.2</ele>
   </trkpt>
   <trkpt lat="39.814400000000006" lon="32.83315">
    <ele>1033.64</ele>
   </trkpt>
   <trkpt lat="39.81445" lon="32.833580000000005">
    <ele>1038.24</ele>
   </trkpt>
   <trkpt lat="39.814460000000004" lon="32.833580000000005">
    <ele>1038.72</ele>
   </trkpt>
   <trkpt lat="39.814690000000006" lon="32.83375">
    <ele>1038.94</ele>
   </trkpt>
   <trkpt lat="39.8149" lon="32.83397">
    <ele>1039.26</ele>
   </trkpt>
   <trkpt lat="39.81537" lon="32.83467">
    <ele>1033.08</ele>
   </trkpt>
   <trkpt lat="39.815380000000005" lon="32.83467">
    <ele>1033.08</ele>
   </trkpt>
   <trkpt lat="39.81557" lon="32.83489">
    <ele>1029.3400000000001</ele>
   </trkpt>
   <trkpt lat="39.815780000000004" lon="32.834920000000004">
    <ele>1028.63</ele>
   </trkpt>
   <trkpt lat="39.816010000000006" lon="32.83496">
    <ele>1029.02</ele>
   </trkpt>
   <trkpt lat="39.81622" lon="32.835150000000006">
    <ele>1029.98</ele>
   </trkpt>
   <trkpt lat="39.816230000000004" lon="32.835150000000006">
    <ele>1029.98</ele>
   </trkpt>
   <trkpt lat="39.816390000000006" lon="32.83512">
    <ele>1030.38</ele>
   </trkpt>
   <trkpt lat="39.816570000000006" lon="32.83503">
    <ele>1031.08</ele>
   </trkpt>
   <trkpt lat="39.81674" lon="32.834860000000006">
    <ele>1031.49</ele>
   </trkpt>
   <trkpt lat="39.816840000000006" lon="32.834680000000006">
    <ele>1031.2700000000002</ele>
   </trkpt>
   <trkpt lat="39.81687" lon="32.834410000000005">
    <ele>1030.5300000000002</ele>
   </trkpt>
   <trkpt lat="39.816880000000005" lon="32.834410000000005">
    <ele>1030.6200000000001</ele>
   </trkpt>
   <trkpt lat="39.816950000000006" lon="32.834230000000005">
    <ele>1030.23</ele>
   </trkpt>
   <trkpt lat="39.817130000000006" lon="32.83399">
    <ele>1028.5900000000001</ele>
   </trkpt>
   <trkpt lat="39.8173" lon="32.83368">
    <ele>1023.6</ele>
   </trkpt>
   <trkpt lat="39.81765" lon="32.83364">
    <ele>1016.3100000000001</ele>
   </trkpt>
   <trkpt lat="39.81803" lon="32.833290000000005">
    <ele>1005.0000000000001</ele>
   </trkpt>
   <trkpt lat="39.81853" lon="32.832640000000005">
    <ele>1004.6000000000001</ele>
   </trkpt>
   <trkpt lat="39.818450000000006" lon="32.83303">
    <ele>1006.27</ele>
   </trkpt>
   <trkpt lat="39.81842" lon="32.833740000000006">
    <ele>1012.1500000000001</ele>
   </trkpt>
   <trkpt lat="39.818540000000006" lon="32.83379">
    <ele>1015.29</ele>
   </trkpt>
   <trkpt lat="39.818650000000005" lon="32.83372">
    <ele>1017.09</ele>
   </trkpt>
   <trkpt lat="39.8188" lon="32.83355">
    <ele>1016.81</ele>
   </trkpt>
   <trkpt lat="39.818920000000006" lon="32.83326">
    <ele>1015.0000000000001</ele>
   </trkpt>
   <trkpt lat="39.819030000000005" lon="32.833090000000006">
    <ele>1014.69</ele>
   </trkpt>
   <trkpt lat="39.81915" lon="32.83303">
    <ele>1015.6500000000001</ele>
   </trkpt>
   <trkpt lat="39.81915" lon="32.833040000000004">
    <ele>1016.07</ele>
   </trkpt>
   <trkpt lat="39.819280000000006" lon="32.83301">
    <ele>1016.2800000000001</ele>
   </trkpt>
   <trkpt lat="39.819280000000006" lon="32.833020000000005">
    <ele>1016.4900000000001</ele>
   </trkpt>
   <trkpt lat="39.819370000000006" lon="32.83292">
    <ele>1015.2800000000002</ele>
   </trkpt>
   <trkpt lat="39.819500000000005" lon="32.83279">
    <ele>1013.0400000000002</ele>
   </trkpt>
   <trkpt lat="39.81962" lon="32.83274">
    <ele>1012.08</ele>
   </trkpt>
   <trkpt lat="39.81976" lon="32.83276">
    <ele>1011.7900000000002</ele>
   </trkpt>
   <trkpt lat="39.81991" lon="32.83283">
    <ele>1012.7099999999999</ele>
   </trkpt>
   <trkpt lat="39.820060000000005" lon="32.83292">
    <ele>1013.2100000000002</ele>
   </trkpt>
   <trkpt lat="39.82027" lon="32.83312">
    <ele>1014.14</ele>
   </trkpt>
   <trkpt lat="39.820280000000004" lon="32.833130000000004">
    <ele>1013.7200000000001</ele>
   </trkpt>
   <trkpt lat="39.82049000000001" lon="32.83332">
    <ele>1013.4000000000001</ele>
   </trkpt>
   <trkpt lat="39.82049000000001" lon="32.833330000000004">
    <ele>1013.7700000000001</ele>
   </trkpt>
   <trkpt lat="39.82074" lon="32.83364">
    <ele>1011.0799999999999</ele>
   </trkpt>
   <trkpt lat="39.820690000000006" lon="32.833760000000005">
    <ele>1012.11</ele>
   </trkpt>
   <trkpt lat="39.82039" lon="32.83402">
    <ele>1016.7900000000001</ele>
   </trkpt>
   <trkpt lat="39.819680000000005" lon="32.834680000000006">
    <ele>1034.6399999999999</ele>
   </trkpt>
   <trkpt lat="39.81954" lon="32.83487">
    <ele>1040.2900000000002</ele>
   </trkpt>
   <trkpt lat="39.81946000000001" lon="32.835080000000005">
    <ele>1045.67</ele>
   </trkpt>
   <trkpt lat="39.81944" lon="32.83554">
    <ele>1046.5600000000002</ele>
   </trkpt>
   <trkpt lat="39.81942" lon="32.83569">
    <ele>1047.32</ele>
   </trkpt>
   <trkpt lat="39.819370000000006" lon="32.83581">
    <ele>1047.83</ele>
   </trkpt>
   <trkpt lat="39.819465003880104" lon="32.83675999875091">
    <ele>1054.5500000000002</ele>
   </trkpt>
   <trkpt lat="39.81956" lon="32.83771">
    <ele>1066.23</ele>
   </trkpt>
   <trkpt lat="39.819590000000005" lon="32.83832">
    <ele>1075.76</ele>
   </trkpt>
   <trkpt lat="39.81962" lon="32.83843">
    <ele>1077.66</ele>
   </trkpt>
   <trkpt lat="39.819700000000005" lon="32.8385">
    <ele>1079.0000000000002</ele>
   </trkpt>
   <trkpt lat="39.81969" lon="32.8385">
    <ele>1079.0000000000002</ele>
   </trkpt>
   <trkpt lat="39.81993000000001" lon="32.83852">
    <ele>1081.91</ele>
   </trkpt>
   <trkpt lat="39.82016" lon="32.838480000000004">
    <ele>1082.3100000000002</ele>
   </trkpt>
   <trkpt lat="39.820440000000005" lon="32.83852">
    <ele>1082.3700000000001</ele>
   </trkpt>
   <trkpt lat="39.820660000000004" lon="32.83861">
    <ele>1084.57</ele>
   </trkpt>
   <trkpt lat="39.82065" lon="32.83861">
    <ele>1084.57</ele>
   </trkpt>
   <trkpt lat="39.820780000000006" lon="32.838680000000004">
    <ele>1085.55</ele>
   </trkpt>
   <trkpt lat="39.820780000000006" lon="32.83867">
    <ele>1085.55</ele>
   </trkpt>
   <trkpt lat="39.82096000000001" lon="32.838620000000006">
    <ele>1085.7100000000003</ele>
   </trkpt>
   <trkpt lat="39.82108" lon="32.83849">
    <ele>1084.6</ele>
   </trkpt>
   <trkpt lat="39.82128" lon="32.838240000000006">
    <ele>1082.2</ele>
   </trkpt>
   <trkpt lat="39.82148" lon="32.83825">
    <ele>1082.5900000000001</ele>
   </trkpt>
   <trkpt lat="39.8218" lon="32.83845">
    <ele>1083.68</ele>
   </trkpt>
   <trkpt lat="39.82217" lon="32.838680000000004">
    <ele>1082.27</ele>
   </trkpt>
   <trkpt lat="39.82217" lon="32.83867">
    <ele>1082.27</ele>
   </trkpt>
   <trkpt lat="39.82271" lon="32.838860000000004">
    <ele>1079.22</ele>
   </trkpt>
   <trkpt lat="39.822950000000006" lon="32.83887">
    <ele>1077.44</ele>
   </trkpt>
   <trkpt lat="39.82327" lon="32.83874">
    <ele>1073.3000000000002</ele>
   </trkpt>
   <trkpt lat="39.8237250001822" lon="32.83866000050256">
    <ele>1070.0100000000002</ele>
   </trkpt>
   <trkpt lat="39.824180000000005" lon="32.83858">
    <ele>1068.0800000000002</ele>
   </trkpt>
   <trkpt lat="39.82434000000001" lon="32.83859">
    <ele>1067.3300000000002</ele>
   </trkpt>
   <trkpt lat="39.824400000000004" lon="32.83876">
    <ele>1067.64</ele>
   </trkpt>
   <trkpt lat="39.82439" lon="32.83876">
    <ele>1068.16</ele>
   </trkpt>
   <trkpt lat="39.82434000000001" lon="32.83898">
    <ele>1069.17</ele>
   </trkpt>
   <trkpt lat="39.824160000000006" lon="32.839270000000006">
    <ele>1070.92</ele>
   </trkpt>
   <trkpt lat="39.823910000000005" lon="32.83943">
    <ele>1072.47</ele>
   </trkpt>
   <trkpt lat="39.82356" lon="32.8397">
    <ele>1075.8700000000001</ele>
   </trkpt>
   <trkpt lat="39.823060000000005" lon="32.83992">
    <ele>1080.51</ele>
   </trkpt>
   <trkpt lat="39.822300000000006" lon="32.840210000000006">
    <ele>1085.1399999999999</ele>
   </trkpt>
   <trkpt lat="39.82186" lon="32.840590000000006">
    <ele>1090.2500000000002</ele>
   </trkpt>
   <trkpt lat="39.82155" lon="32.84102">
    <ele>1094.29</ele>
   </trkpt>
   <trkpt lat="39.821720000000006" lon="32.841190000000005">
    <ele>1092.8300000000002</ele>
   </trkpt>
   <trkpt lat="39.821720000000006" lon="32.84118">
    <ele>1093.15</ele>
   </trkpt>
   <trkpt lat="39.82197" lon="32.841240000000006">
    <ele>1090.99</ele>
   </trkpt>
   <trkpt lat="39.82226" lon="32.84118">
    <ele>1089.6000000000001</ele>
   </trkpt>
   <trkpt lat="39.82246000000001" lon="32.84109">
    <ele>1088.13</ele>
   </trkpt>
   <trkpt lat="39.822880000000005" lon="32.84105">
    <ele>1084.4</ele>
   </trkpt>
   <trkpt lat="39.823440000000005" lon="32.84109">
    <ele>1077.8400000000001</ele>
   </trkpt>
   <trkpt lat="39.823530000000005" lon="32.84122">
    <ele>1078.14</ele>
   </trkpt>
   <trkpt lat="39.8235" lon="32.8414">
    <ele>1080.71</ele>
   </trkpt>
   <trkpt lat="39.823420000000006" lon="32.841590000000004">
    <ele>1083.76</ele>
   </trkpt>
   <trkpt lat="39.82323" lon="32.8418">
    <ele>1086.91</ele>
   </trkpt>
   <trkpt lat="39.823" lon="32.84208">
    <ele>1090.41</ele>
   </trkpt>
   <trkpt lat="39.822880000000005" lon="32.842400000000005">
    <ele>1091.66</ele>
   </trkpt>
   <trkpt lat="39.822880000000005" lon="32.842620000000004">
    <ele>1091.8400000000001</ele>
   </trkpt>
   <trkpt lat="39.822880000000005" lon="32.84261">
    <ele>1091.8400000000001</ele>
   </trkpt>
   <trkpt lat="39.82294" lon="32.84286">
    <ele>1092.0</ele>
   </trkpt>
   <trkpt lat="39.82307" lon="32.84301">
    <ele>1091.25</ele>
   </trkpt>
   <trkpt lat="39.82325" lon="32.843030000000006">
    <ele>1090.26</ele>
   </trkpt>
   <trkpt lat="39.82349000000001" lon="32.84297">
    <ele>1087.5400000000002</ele>
   </trkpt>
   <trkpt lat="39.82374" lon="32.843">
    <ele>1083.3700000000001</ele>
   </trkpt>
   <trkpt lat="39.82397" lon="32.84274">
    <ele>1077.32</ele>
   </trkpt>
   <trkpt lat="39.824270000000006" lon="32.84261">
    <ele>1069.5800000000002</ele>
   </trkpt>
   <trkpt lat="39.824270000000006" lon="32.842620000000004">
    <ele>1069.5800000000002</ele>
   </trkpt>
   <trkpt lat="39.82457" lon="32.842470000000006">
    <ele>1062.2800000000002</ele>
   </trkpt>
   <trkpt lat="39.824940000000005" lon="32.84234">
    <ele>1055.16</ele>
   </trkpt>
   <trkpt lat="39.82513" lon="32.84217">
    <ele>1051.6000000000001</ele>
   </trkpt>
   <trkpt lat="39.825390000000006" lon="32.84214">
    <ele>1044.5800000000002</ele>
   </trkpt>
   <trkpt lat="39.82565" lon="32.84203">
    <ele>1036.61</ele>
   </trkpt>
   <trkpt lat="39.82607" lon="32.841640000000005">
    <ele>1024.39</ele>
   </trkpt>
   <trkpt lat="39.826350000000005" lon="32.841590000000004">
    <ele>1014.8900000000001</ele>
   </trkpt>
   <trkpt lat="39.826350000000005" lon="32.84158">
    <ele>1014.8900000000001</ele>
   </trkpt>
   <trkpt lat="39.82659" lon="32.84156">
    <ele>1006.96</ele>
   </trkpt>
   <trkpt lat="39.827000000000005" lon="32.841640000000005">
    <ele>994.1700000000001</ele>
   </trkpt>
   <trkpt lat="39.82701" lon="32.84138">
    <ele>997.13</ele>
   </trkpt>
   <trkpt lat="39.827020000000005" lon="32.841390000000004">
    <ele>995.7800000000001</ele>
   </trkpt>
   <trkpt lat="39.82699" lon="32.841150000000006">
    <ele>1000.4900000000001</ele>
   </trkpt>
   <trkpt lat="39.82692" lon="32.841060000000006">
    <ele>1003.0100000000001</ele>
   </trkpt>
   <trkpt lat="39.82659" lon="32.84069">
    <ele>1013.9800000000001</ele>
   </trkpt>
   <trkpt lat="39.82659" lon="32.84035">
    <ele>1018.0200000000001</ele>
   </trkpt>
   <trkpt lat="39.826690000000006" lon="32.8403">
    <ele>1017.2</ele>
   </trkpt>
   <trkpt lat="39.82688" lon="32.84073">
    <ele>1007.71</ele>
   </trkpt>
   <trkpt lat="39.82712" lon="32.840680000000006">
    <ele>1005.12</ele>
   </trkpt>
   <trkpt lat="39.827130000000004" lon="32.840680000000006">
    <ele>1004.6300000000001</ele>
   </trkpt>
   <trkpt lat="39.82746" lon="32.84071">
    <ele>998.69</ele>
   </trkpt>
   <trkpt lat="39.82779" lon="32.84069">
    <ele>994.8500000000001</ele>
   </trkpt>
   <trkpt lat="39.82824500050437" lon="32.84106499743456">
    <ele>983.4200000000001</ele>
   </trkpt>
   <trkpt lat="39.828700000000005" lon="32.841440000000006">
    <ele>970.76</ele>
   </trkpt>
   <trkpt lat="39.828010000000006" lon="32.84207">
    <ele>980.9100000000001</ele>
   </trkpt>
   <trkpt lat="39.827470000000005" lon="32.842650000000006">
    <ele>978.59</ele>
   </trkpt>
   <trkpt lat="39.82686" lon="32.84337">
    <ele>979.59</ele>
   </trkpt>
   <trkpt lat="39.82639" lon="32.84409">
    <ele>983.21</ele>
   </trkpt>
   <trkpt lat="39.825950000000006" lon="32.84465">
    <ele>986.4100000000001</ele>
   </trkpt>
   <trkpt lat="39.825950000000006" lon="32.844660000000005">
    <ele>986.1</ele>
   </trkpt>
   <trkpt lat="39.8256" lon="32.84523">
    <ele>987.84</ele>
   </trkpt>
   <trkpt lat="39.82547" lon="32.84566">
    <ele>987.4200000000001</ele>
   </trkpt>
   <trkpt lat="39.825410000000005" lon="32.84604">
    <ele>985.8000000000001</ele>
   </trkpt>
   <trkpt lat="39.82553" lon="32.8463">
    <ele>983.0500000000001</ele>
   </trkpt>
   <trkpt lat="39.8258" lon="32.84677">
    <ele>978.89</ele>
   </trkpt>
   <trkpt lat="39.825810000000004" lon="32.84677">
    <ele>978.72</ele>
   </trkpt>
   <trkpt lat="39.82614" lon="32.8472">
    <ele>978.94</ele>
   </trkpt>
   <trkpt lat="39.82638" lon="32.84754">
    <ele>979.89</ele>
   </trkpt>
   <trkpt lat="39.82654" lon="32.84812">
    <ele>981.47</ele>
   </trkpt>
   <trkpt lat="39.82656" lon="32.84859">
    <ele>982.2600000000001</ele>
   </trkpt>
   <trkpt lat="39.82647" lon="32.8491">
    <ele>981.3900000000001</ele>
   </trkpt>
   <trkpt lat="39.826480000000004" lon="32.8491">
    <ele>981.3900000000001</ele>
   </trkpt>
   <trkpt lat="39.82643" lon="32.8496">
    <ele>981.16</ele>
   </trkpt>
   <trkpt lat="39.826730000000005" lon="32.84969">
    <ele>980.74</ele>
   </trkpt>
   <trkpt lat="39.82706" lon="32.84951">
    <ele>980.7300000000001</ele>
   </trkpt>
   <trkpt lat="39.82744" lon="32.84928">
    <ele>980.33</ele>
   </trkpt>
   <trkpt lat="39.82761667263283" lon="32.84844667093128">
    <ele>979.77</ele>
   </trkpt>
   <trkpt lat="39.827793339304044" lon="32.84761333757662">
    <ele>979.74</ele>
   </trkpt>
   <trkpt lat="39.82797" lon="32.84678">
    <ele>980.2700000000001</ele>
   </trkpt>
   <trkpt lat="39.82828000000001" lon="32.84629">
    <ele>980.1700000000001</ele>
   </trkpt>
   <trkpt lat="39.8286" lon="32.845850000000006">
    <ele>983.1500000000001</ele>
   </trkpt>
   <trkpt lat="39.829170000000005" lon="32.84532">
    <ele>986.26</ele>
   </trkpt>
   <trkpt lat="39.82952" lon="32.84492">
    <ele>985.1400000000001</ele>
   </trkpt>
   <trkpt lat="39.8301" lon="32.84422">
    <ele>980.11</ele>
   </trkpt>
   <trkpt lat="39.8303" lon="32.84409">
    <ele>981.4</ele>
   </trkpt>
   <trkpt lat="39.8303" lon="32.844100000000005">
    <ele>981.95</ele>
   </trkpt>
   <trkpt lat="39.8305" lon="32.84395">
    <ele>981.6500000000001</ele>
   </trkpt>
   <trkpt lat="39.830510000000004" lon="32.84395">
    <ele>981.6500000000001</ele>
   </trkpt>
   <trkpt lat="39.83064" lon="32.8438">
    <ele>981.8000000000001</ele>
   </trkpt>
   <trkpt lat="39.83077" lon="32.84358">
    <ele>979.9700000000001</ele>
   </trkpt>
   <trkpt lat="39.830780000000004" lon="32.84358">
    <ele>979.9700000000001</ele>
   </trkpt>
   <trkpt lat="39.83095" lon="32.84329">
    <ele>984.08</ele>
   </trkpt>
   <trkpt lat="39.83113" lon="32.843">
    <ele>987.6</ele>
   </trkpt>
   <trkpt lat="39.831230000000005" lon="32.84241">
    <ele>986.9000000000001</ele>
   </trkpt>
   <trkpt lat="39.831320000000005" lon="32.84201">
    <ele>984.3900000000001</ele>
   </trkpt>
   <trkpt lat="39.83135" lon="32.84165">
    <ele>982.4200000000001</ele>
   </trkpt>
   <trkpt lat="39.831360000000004" lon="32.841660000000005">
    <ele>982.57</ele>
   </trkpt>
   <trkpt lat="39.831320000000005" lon="32.8414">
    <ele>981.7500000000001</ele>
   </trkpt>
   <trkpt lat="39.83133" lon="32.84085">
    <ele>981.8500000000001</ele>
   </trkpt>
   <trkpt lat="39.831230000000005" lon="32.84011">
    <ele>983.0500000000001</ele>
   </trkpt>
   <trkpt lat="39.8309" lon="32.83906">
    <ele>980.3900000000001</ele>
   </trkpt>
   <trkpt lat="39.830735002086264" lon="32.838364998384925">
    <ele>980.0300000000001</ele>
   </trkpt>
   <trkpt lat="39.83057" lon="32.83767">
    <ele>979.4</ele>
   </trkpt>
   <trkpt lat="39.8305350025805" lon="32.83689499965666">
    <ele>980.0900000000001</ele>
   </trkpt>
   <trkpt lat="39.8305" lon="32.83612">
    <ele>977.6800000000001</ele>
   </trkpt>
   <trkpt lat="39.83059" lon="32.835770000000004">
    <ele>976.7900000000001</ele>
   </trkpt>
   <trkpt lat="39.83059" lon="32.83576">
    <ele>976.7900000000001</ele>
   </trkpt>
   <trkpt lat="39.830850000000005" lon="32.835370000000005">
    <ele>977.6700000000001</ele>
   </trkpt>
   <trkpt lat="39.830850000000005" lon="32.83536">
    <ele>977.22</ele>
   </trkpt>
   <trkpt lat="39.83099" lon="32.835080000000005">
    <ele>977.1</ele>
   </trkpt>
   <trkpt lat="39.83113" lon="32.83475">
    <ele>976.4300000000001</ele>
   </trkpt>
   <trkpt lat="39.83133" lon="32.83435">
    <ele>975.71</ele>
   </trkpt>
   <trkpt lat="39.831480000000006" lon="32.83406">
    <ele>975.8200000000002</ele>
   </trkpt>
   <trkpt lat="39.83164" lon="32.83368">
    <ele>974.59</ele>
   </trkpt>
   <trkpt lat="39.831830000000004" lon="32.833380000000005">
    <ele>974.84</ele>
   </trkpt>
   <trkpt lat="39.83182" lon="32.833380000000005">
    <ele>974.84</ele>
   </trkpt>
   <trkpt lat="39.83203" lon="32.83316">
    <ele>976.34</ele>
   </trkpt>
   <trkpt lat="39.832190000000004" lon="32.833000000000006">
    <ele>978.62</ele>
   </trkpt>
   <trkpt lat="39.83218" lon="32.833000000000006">
    <ele>978.62</ele>
   </trkpt>
   <trkpt lat="39.83231000000001" lon="32.83283">
    <ele>981.22</ele>
   </trkpt>
   <trkpt lat="39.83234" lon="32.83254">
    <ele>980.8700000000001</ele>
   </trkpt>
   <trkpt lat="39.832240000000006" lon="32.83202">
    <ele>977.4200000000001</ele>
   </trkpt>
   <trkpt lat="39.832150000000006" lon="32.831450000000004">
    <ele>976.0500000000001</ele>
   </trkpt>
   <trkpt lat="39.83214" lon="32.8307">
    <ele>973.8800000000001</ele>
   </trkpt>
   <trkpt lat="39.83229" lon="32.830360000000006">
    <ele>974.84</ele>
   </trkpt>
   <trkpt lat="39.83249" lon="32.829930000000004">
    <ele>979.6</ele>
   </trkpt>
   <trkpt lat="39.83249" lon="32.82992">
    <ele>979.6</ele>
   </trkpt>
   <trkpt lat="39.832420000000006" lon="32.8296">
    <ele>980.0200000000001</ele>
   </trkpt>
   <trkpt lat="39.832080000000005" lon="32.828920000000004">
    <ele>982.86</ele>
   </trkpt>
   <trkpt lat="39.832080000000005" lon="32.82891">
    <ele>982.86</ele>
   </trkpt>
   <trkpt lat="39.831620001679035" lon="32.82828999588718">
    <ele>984.16</ele>
   </trkpt>
   <trkpt lat="39.831160000000004" lon="32.827670000000005">
    <ele>980.38</ele>
   </trkpt>
   <trkpt lat="39.83115" lon="32.827670000000005">
    <ele>980.38</ele>
   </trkpt>
   <trkpt lat="39.831520000000005" lon="32.827450000000006">
    <ele>981.0500000000001</ele>
   </trkpt>
   <trkpt lat="39.83151" lon="32.827450000000006">
    <ele>981.0500000000001</ele>
   </trkpt>
   <trkpt lat="39.83185" lon="32.82724">
    <ele>983.0000000000001</ele>
   </trkpt>
   <trkpt lat="39.83232" lon="32.82706">
    <ele>988.96</ele>
   </trkpt>
   <trkpt lat="39.83276" lon="32.826910000000005">
    <ele>996.0200000000001</ele>
   </trkpt>
   <trkpt lat="39.83316000000001" lon="32.82694">
    <ele>998.69</ele>
   </trkpt>
   <trkpt lat="39.83316000000001" lon="32.826950000000004">
    <ele>998.69</ele>
   </trkpt>
   <trkpt lat="39.83348" lon="32.82715">
    <ele>1002.8700000000001</ele>
   </trkpt>
   <trkpt lat="39.833490000000005" lon="32.82715">
    <ele>1002.8700000000001</ele>
   </trkpt>
   <trkpt lat="39.83382" lon="32.82739">
    <ele>1010.27</ele>
   </trkpt>
   <trkpt lat="39.834230000000005" lon="32.82746">
    <ele>1022.3</ele>
   </trkpt>
   <trkpt lat="39.83446" lon="32.82763">
    <ele>1032.19</ele>
   </trkpt>
   <trkpt lat="39.83482" lon="32.82795">
    <ele>1045.73</ele>
   </trkpt>
   <trkpt lat="39.83482" lon="32.827960000000004">
    <ele>1045.73</ele>
   </trkpt>
   <trkpt lat="39.83505" lon="32.82795">
    <ele>1051.0000000000002</ele>
   </trkpt>
   <trkpt lat="39.83505" lon="32.827960000000004">
    <ele>1051.5100000000002</ele>
   </trkpt>
   <trkpt lat="39.83538" lon="32.82799">
    <ele>1058.0500000000002</ele>
   </trkpt>
   <trkpt lat="39.83567" lon="32.8281">
    <ele>1065.0300000000002</ele>
   </trkpt>
   <trkpt lat="39.83587" lon="32.82838">
    <ele>1074.21</ele>
   </trkpt>
   <trkpt lat="39.836180000000006" lon="32.8288">
    <ele>1089.42</ele>
   </trkpt>
   <trkpt lat="39.83648" lon="32.82927">
    <ele>1104.51</ele>
   </trkpt>
   <trkpt lat="39.83691" lon="32.82983">
    <ele>1120.4</ele>
   </trkpt>
   <trkpt lat="39.83691" lon="32.829840000000004">
    <ele>1120.4</ele>
   </trkpt>
   <trkpt lat="39.837320000000005" lon="32.83008">
    <ele>1131.8799999999999</ele>
   </trkpt>
   <trkpt lat="39.837860000000006" lon="32.830650000000006">
    <ele>1151.67</ele>
   </trkpt>
   <trkpt lat="39.83822" lon="32.83095">
    <ele>1161.14</ele>
   </trkpt>
   <trkpt lat="39.8384" lon="32.83137">
    <ele>1169.06</ele>
   </trkpt>
   <trkpt lat="39.83874" lon="32.83176">
    <ele>1176.1200000000001</ele>
   </trkpt>
   <trkpt lat="39.83881" lon="32.83157">
    <ele>1175.5500000000002</ele>
   </trkpt>
   <trkpt lat="39.8389" lon="32.83144">
    <ele>1175.0</ele>
   </trkpt>
   <trkpt lat="39.83908" lon="32.831410000000005">
    <ele>1175.39</ele>
   </trkpt>
   <trkpt lat="39.839290000000005" lon="32.831520000000005">
    <ele>1177.9</ele>
   </trkpt>
   <trkpt lat="39.83945000000001" lon="32.83165">
    <ele>1178.3600000000001</ele>
   </trkpt>
   <trkpt lat="39.83966" lon="32.831770000000006">
    <ele>1177.31</ele>
   </trkpt>
   <trkpt lat="39.839960000000005" lon="32.83187">
    <ele>1175.0</ele>
   </trkpt>
   <trkpt lat="39.84019" lon="32.83203">
    <ele>1174.1200000000001</ele>
   </trkpt>
   <trkpt lat="39.84028" lon="32.83227">
    <ele>1176.92</ele>
   </trkpt>
   <trkpt lat="39.84028" lon="32.832280000000004">
    <ele>1176.92</ele>
   </trkpt>
   <trkpt lat="39.84051" lon="32.8327">
    <ele>1178.6000000000001</ele>
   </trkpt>
   <trkpt lat="39.84069" lon="32.83298">
    <ele>1178.5700000000002</ele>
   </trkpt>
   <trkpt lat="39.84089" lon="32.83317">
    <ele>1176.7500000000002</ele>
   </trkpt>
   <trkpt lat="39.84111" lon="32.83301">
    <ele>1175.27</ele>
   </trkpt>
   <trkpt lat="39.84111" lon="32.833020000000005">
    <ele>1175.27</ele>
   </trkpt>
   <trkpt lat="39.84132" lon="32.83299">
    <ele>1175.39</ele>
   </trkpt>
   <trkpt lat="39.84176" lon="32.83301">
    <ele>1176.4</ele>
   </trkpt>
   <trkpt lat="39.84189000000001" lon="32.83281">
    <ele>1174.2400000000002</ele>
   </trkpt>
   <trkpt lat="39.842000000000006" lon="32.8326">
    <ele>1173.51</ele>
   </trkpt>
   <trkpt lat="39.84174" lon="32.83153">
    <ele>1165.68</ele>
   </trkpt>
   <trkpt lat="39.841620000000006" lon="32.830740000000006">
    <ele>1148.73</ele>
   </trkpt>
   <trkpt lat="39.84145" lon="32.830090000000006">
    <ele>1135.9</ele>
   </trkpt>
   <trkpt lat="39.84123" lon="32.82965">
    <ele>1130.3</ele>
   </trkpt>
   <trkpt lat="39.84093" lon="32.82934">
    <ele>1126.5900000000001</ele>
   </trkpt>
   <trkpt lat="39.84091" lon="32.82909">
    <ele>1127.8000000000002</ele>
   </trkpt>
   <trkpt lat="39.84071" lon="32.82885">
    <ele>1125.85</ele>
   </trkpt>
   <trkpt lat="39.84057000000001" lon="32.82873">
    <ele>1124.09</ele>
   </trkpt>
   <trkpt lat="39.84044" lon="32.82858">
    <ele>1122.0400000000002</ele>
   </trkpt>
   <trkpt lat="39.84033" lon="32.82838">
    <ele>1120.54</ele>
   </trkpt>
   <trkpt lat="39.840270000000004" lon="32.8282">
    <ele>1121.55</ele>
   </trkpt>
   <trkpt lat="39.84026" lon="32.8282">
    <ele>1120.33</ele>
   </trkpt>
   <trkpt lat="39.840250000000005" lon="32.828">
    <ele>1122.5200000000002</ele>
   </trkpt>
   <trkpt lat="39.84024" lon="32.828">
    <ele>1121.97</ele>
   </trkpt>
   <trkpt lat="39.84028" lon="32.827780000000004">
    <ele>1127.99</ele>
   </trkpt>
   <trkpt lat="39.84028" lon="32.82777">
    <ele>1127.99</ele>
   </trkpt>
   <trkpt lat="39.840270000000004" lon="32.827560000000005">
    <ele>1131.3200000000002</ele>
   </trkpt>
   <trkpt lat="39.84026" lon="32.827560000000005">
    <ele>1129.93</ele>
   </trkpt>
   <trkpt lat="39.840210000000006" lon="32.82746">
    <ele>1129.92</ele>
   </trkpt>
   <trkpt lat="39.84011" lon="32.827470000000005">
    <ele>1126.19</ele>
   </trkpt>
   <trkpt lat="39.839980000000004" lon="32.82748">
    <ele>1120.83</ele>
   </trkpt>
   <trkpt lat="39.83997" lon="32.82748">
    <ele>1119.55</ele>
   </trkpt>
   <trkpt lat="39.839890000000004" lon="32.827420000000004">
    <ele>1117.91</ele>
   </trkpt>
   <trkpt lat="39.83988" lon="32.82741">
    <ele>1116.71</ele>
   </trkpt>
   <trkpt lat="39.83981" lon="32.82726">
    <ele>1118.5900000000001</ele>
   </trkpt>
   <trkpt lat="39.83979" lon="32.827110000000005">
    <ele>1120.18</ele>
   </trkpt>
   <trkpt lat="39.83963000000001" lon="32.82696">
    <ele>1118.05</ele>
   </trkpt>
   <trkpt lat="39.83961" lon="32.82685">
    <ele>1118.9900000000002</ele>
   </trkpt>
   <trkpt lat="39.83946" lon="32.82665">
    <ele>1119.2300000000002</ele>
   </trkpt>
   <trkpt lat="39.83941" lon="32.82649">
    <ele>1120.8700000000001</ele>
   </trkpt>
   <trkpt lat="39.839380000000006" lon="32.82623">
    <ele>1125.38</ele>
   </trkpt>
   <trkpt lat="39.83935" lon="32.825970000000005">
    <ele>1130.33</ele>
   </trkpt>
   <trkpt lat="39.839180000000006" lon="32.825950000000006">
    <ele>1124.18</ele>
   </trkpt>
   <trkpt lat="39.839090000000006" lon="32.82584">
    <ele>1124.68</ele>
   </trkpt>
   <trkpt lat="39.83885" lon="32.82582">
    <ele>1114.7</ele>
   </trkpt>
   <trkpt lat="39.838680000000004" lon="32.825810000000004">
    <ele>1108.91</ele>
   </trkpt>
   <trkpt lat="39.83856" lon="32.82578">
    <ele>1104.87</ele>
   </trkpt>
   <trkpt lat="39.838390000000004" lon="32.82566">
    <ele>1102.84</ele>
   </trkpt>
   <trkpt lat="39.83838" lon="32.82566">
    <ele>1102.84</ele>
   </trkpt>
   <trkpt lat="39.83825" lon="32.82536">
    <ele>1107.24</ele>
   </trkpt>
   <trkpt lat="39.83813000000001" lon="32.82499">
    <ele>1118.38</ele>
   </trkpt>
   <trkpt lat="39.83804000000001" lon="32.82468">
    <ele>1126.51</ele>
   </trkpt>
   <trkpt lat="39.83778" lon="32.824470000000005">
    <ele>1126.14</ele>
   </trkpt>
   <trkpt lat="39.837610000000005" lon="32.824450000000006">
    <ele>1122.6100000000001</ele>
   </trkpt>
   <trkpt lat="39.83746" lon="32.824490000000004">
    <ele>1117.92</ele>
   </trkpt>
   <trkpt lat="39.83746" lon="32.82448">
    <ele>1119.1200000000001</ele>
   </trkpt>
   <trkpt lat="39.837120000000006" lon="32.82417">
    <ele>1120.23</ele>
   </trkpt>
   <trkpt lat="39.83695" lon="32.82414">
    <ele>1118.3</ele>
   </trkpt>
   <trkpt lat="39.83681" lon="32.82406">
    <ele>1116.5200000000002</ele>
   </trkpt>
   <trkpt lat="39.836800000000004" lon="32.82377">
    <ele>1120.65</ele>
   </trkpt>
   <trkpt lat="39.83679" lon="32.82377">
    <ele>1120.65</ele>
   </trkpt>
   <trkpt lat="39.836850000000005" lon="32.823570000000004">
    <ele>1124.47</ele>
   </trkpt>
   <trkpt lat="39.836850000000005" lon="32.82356">
    <ele>1124.47</ele>
   </trkpt>
   <trkpt lat="39.836760000000005" lon="32.823420000000006">
    <ele>1124.5</ele>
   </trkpt>
   <trkpt lat="39.83628500012522" lon="32.823264998935215">
    <ele>1120.8</ele>
   </trkpt>
   <trkpt lat="39.83581" lon="32.82311">
    <ele>1117.79</ele>
   </trkpt>
   <trkpt lat="39.8359" lon="32.82247">
    <ele>1112.67</ele>
   </trkpt>
   <trkpt lat="39.83616000122114" lon="32.82193000210779">
    <ele>1115.42</ele>
   </trkpt>
   <trkpt lat="39.836420000000004" lon="32.82139">
    <ele>1118.53</ele>
   </trkpt>
   <trkpt lat="39.83641" lon="32.82139">
    <ele>1117.63</ele>
   </trkpt>
   <trkpt lat="39.83672000000001" lon="32.8211">
    <ele>1125.8799999999999</ele>
   </trkpt>
   <trkpt lat="39.83673" lon="32.82063">
    <ele>1119.9800000000002</ele>
   </trkpt>
   <trkpt lat="39.83688" lon="32.8202">
    <ele>1118.1100000000001</ele>
   </trkpt>
   <trkpt lat="39.83731" lon="32.819750000000006">
    <ele>1122.65</ele>
   </trkpt>
   <trkpt lat="39.837500000000006" lon="32.819680000000005">
    <ele>1124.48</ele>
   </trkpt>
   <trkpt lat="39.83775" lon="32.81964">
    <ele>1128.38</ele>
   </trkpt>
   <trkpt lat="39.838" lon="32.81969">
    <ele>1131.72</ele>
   </trkpt>
   <trkpt lat="39.838" lon="32.819700000000005">
    <ele>1131.72</ele>
   </trkpt>
   <trkpt lat="39.8382" lon="32.819860000000006">
    <ele>1137.3500000000001</ele>
   </trkpt>
   <trkpt lat="39.838210000000004" lon="32.819860000000006">
    <ele>1137.3500000000001</ele>
   </trkpt>
   <trkpt lat="39.83841" lon="32.81971">
    <ele>1135.42</ele>
   </trkpt>
   <trkpt lat="39.83841" lon="32.819720000000004">
    <ele>1135.42</ele>
   </trkpt>
   <trkpt lat="39.838550000000005" lon="32.81974">
    <ele>1137.0600000000002</ele>
   </trkpt>
   <trkpt lat="39.83867" lon="32.819750000000006">
    <ele>1138.2</ele>
   </trkpt>
   <trkpt lat="39.838680000000004" lon="32.819750000000006">
    <ele>1138.2</ele>
   </trkpt>
   <trkpt lat="39.838890000000006" lon="32.81971">
    <ele>1139.0200000000002</ele>
   </trkpt>
   <trkpt lat="39.83908" lon="32.8198">
    <ele>1143.5300000000002</ele>
   </trkpt>
   <trkpt lat="39.83908" lon="32.819810000000004">
    <ele>1144.5500000000002</ele>
   </trkpt>
   <trkpt lat="39.83919" lon="32.81971">
    <ele>1143.51</ele>
   </trkpt>
   <trkpt lat="39.83934" lon="32.81936">
    <ele>1137.31</ele>
   </trkpt>
   <trkpt lat="39.83968" lon="32.81911">
    <ele>1143.14</ele>
   </trkpt>
   <trkpt lat="39.84004" lon="32.81908">
    <ele>1148.91</ele>
   </trkpt>
   <trkpt lat="39.8404" lon="32.81913">
    <ele>1153.7700000000002</ele>
   </trkpt>
   <trkpt lat="39.840770000000006" lon="32.81927">
    <ele>1158.6000000000001</ele>
   </trkpt>
   <trkpt lat="39.84102" lon="32.81942">
    <ele>1163.5300000000002</ele>
   </trkpt>
   <trkpt lat="39.84102" lon="32.819430000000004">
    <ele>1163.91</ele>
   </trkpt>
   <trkpt lat="39.84111" lon="32.81933">
    <ele>1164.8400000000001</ele>
   </trkpt>
   <trkpt lat="39.84111" lon="32.819340000000004">
    <ele>1164.89</ele>
   </trkpt>
   <trkpt lat="39.84107" lon="32.81922">
    <ele>1164.5500000000002</ele>
   </trkpt>
   <trkpt lat="39.84048000000001" lon="32.81881">
    <ele>1157.9</ele>
   </trkpt>
   <trkpt lat="39.84013" lon="32.81862">
    <ele>1152.8200000000002</ele>
   </trkpt>
   <trkpt lat="39.83993" lon="32.818450000000006">
    <ele>1151.5700000000002</ele>
   </trkpt>
   <trkpt lat="39.83964" lon="32.81853">
    <ele>1147.51</ele>
   </trkpt>
   <trkpt lat="39.83910499990177" lon="32.818499999760554">
    <ele>1144.53</ele>
   </trkpt>
   <trkpt lat="39.838570000000004" lon="32.818470000000005">
    <ele>1137.6399999999999</ele>
   </trkpt>
   <trkpt lat="39.83856" lon="32.818470000000005">
    <ele>1137.01</ele>
   </trkpt>
   <trkpt lat="39.838390000000004" lon="32.818360000000006">
    <ele>1135.8700000000001</ele>
   </trkpt>
   <trkpt lat="39.83838" lon="32.818360000000006">
    <ele>1135.8700000000001</ele>
   </trkpt>
   <trkpt lat="39.83834" lon="32.818220000000004">
    <ele>1137.66</ele>
   </trkpt>
   <trkpt lat="39.83834" lon="32.81821">
    <ele>1138.4800000000002</ele>
   </trkpt>
   <trkpt lat="39.838390000000004" lon="32.81792">
    <ele>1144.8400000000001</ele>
   </trkpt>
   <trkpt lat="39.83838" lon="32.81792">
    <ele>1145.76</ele>
   </trkpt>
   <trkpt lat="39.838300000000004" lon="32.81772">
    <ele>1147.78</ele>
   </trkpt>
   <trkpt lat="39.83829" lon="32.81772">
    <ele>1147.1</ele>
   </trkpt>
   <trkpt lat="39.83802" lon="32.817330000000005">
    <ele>1149.95</ele>
   </trkpt>
   <trkpt lat="39.837720000000004" lon="32.8174">
    <ele>1144.3400000000001</ele>
   </trkpt>
   <trkpt lat="39.83771" lon="32.8174">
    <ele>1144.3400000000001</ele>
   </trkpt>
   <trkpt lat="39.83753" lon="32.81747">
    <ele>1139.44</ele>
   </trkpt>
   <trkpt lat="39.837430000000005" lon="32.81748">
    <ele>1137.92</ele>
   </trkpt>
   <trkpt lat="39.83731" lon="32.817260000000005">
    <ele>1141.28</ele>
   </trkpt>
   <trkpt lat="39.837140000000005" lon="32.81701">
    <ele>1145.18</ele>
   </trkpt>
   <trkpt lat="39.837230000000005" lon="32.81638">
    <ele>1156.3000000000002</ele>
   </trkpt>
   <trkpt lat="39.83729" lon="32.81604">
    <ele>1161.3999999999999</ele>
   </trkpt>
   <trkpt lat="39.83726" lon="32.8159">
    <ele>1162.98</ele>
   </trkpt>
   <trkpt lat="39.83719000000001" lon="32.8158">
    <ele>1163.66</ele>
   </trkpt>
   <trkpt lat="39.836960000000005" lon="32.81598">
    <ele>1161.91</ele>
   </trkpt>
   <trkpt lat="39.836690000000004" lon="32.8162">
    <ele>1157.73</ele>
   </trkpt>
   <trkpt lat="39.83668" lon="32.8162">
    <ele>1157.41</ele>
   </trkpt>
   <trkpt lat="39.83646" lon="32.81626">
    <ele>1153.48</ele>
   </trkpt>
   <trkpt lat="39.83617" lon="32.815940000000005">
    <ele>1156.0600000000002</ele>
   </trkpt>
   <trkpt lat="39.83617" lon="32.81593">
    <ele>1156.68</ele>
   </trkpt>
   <trkpt lat="39.83601" lon="32.81562">
    <ele>1159.71</ele>
   </trkpt>
   <trkpt lat="39.83574" lon="32.815400000000004">
    <ele>1160.5700000000002</ele>
   </trkpt>
   <trkpt lat="39.83574" lon="32.81539">
    <ele>1160.5700000000002</ele>
   </trkpt>
   <trkpt lat="39.83547" lon="32.81543">
    <ele>1158.67</ele>
   </trkpt>
   <trkpt lat="39.835170000000005" lon="32.81552">
    <ele>1154.42</ele>
   </trkpt>
   <trkpt lat="39.835010000000004" lon="32.81544">
    <ele>1154.63</ele>
   </trkpt>
   <trkpt lat="39.835" lon="32.81544">
    <ele>1154.41</ele>
   </trkpt>
   <trkpt lat="39.834770000000006" lon="32.8155">
    <ele>1152.16</ele>
   </trkpt>
   <trkpt lat="39.834540000000004" lon="32.81557">
    <ele>1149.89</ele>
   </trkpt>
   <trkpt lat="39.83453" lon="32.81557">
    <ele>1149.8300000000002</ele>
   </trkpt>
   <trkpt lat="39.83422" lon="32.815940000000005">
    <ele>1142.74</ele>
   </trkpt>
   <trkpt lat="39.83397" lon="32.81613">
    <ele>1136.46</ele>
   </trkpt>
   <trkpt lat="39.833980000000004" lon="32.81613">
    <ele>1136.89</ele>
   </trkpt>
   <trkpt lat="39.83384" lon="32.816100000000006">
    <ele>1135.22</ele>
   </trkpt>
   <trkpt lat="39.833116668063276" lon="32.81569999158816">
    <ele>1136.5100000000002</ele>
   </trkpt>
   <trkpt lat="39.83239333475291" lon="32.815299991601">
    <ele>1138.7200000000003</ele>
   </trkpt>
   <trkpt lat="39.83167" lon="32.8149">
    <ele>1134.7200000000003</ele>
   </trkpt>
   <trkpt lat="39.831630000000004" lon="32.814640000000004">
    <ele>1137.98</ele>
   </trkpt>
   <trkpt lat="39.83162" lon="32.81463">
    <ele>1137.98</ele>
   </trkpt>
   <trkpt lat="39.831720000000004" lon="32.814330000000005">
    <ele>1144.7</ele>
   </trkpt>
   <trkpt lat="39.83171" lon="32.814330000000005">
    <ele>1144.7</ele>
   </trkpt>
   <trkpt lat="39.83203" lon="32.814060000000005">
    <ele>1154.6000000000001</ele>
   </trkpt>
   <trkpt lat="39.83236" lon="32.81367">
    <ele>1157.8400000000001</ele>
   </trkpt>
   <trkpt lat="39.83245" lon="32.813520000000004">
    <ele>1157.51</ele>
   </trkpt>
   <trkpt lat="39.83265" lon="32.81345">
    <ele>1160.0600000000002</ele>
   </trkpt>
   <trkpt lat="39.833090000000006" lon="32.8134">
    <ele>1167.23</ele>
   </trkpt>
   <trkpt lat="39.83328" lon="32.813100000000006">
    <ele>1165.89</ele>
   </trkpt>
   <trkpt lat="39.83346" lon="32.81284">
    <ele>1160.64</ele>
   </trkpt>
   <trkpt lat="39.83346" lon="32.812850000000005">
    <ele>1160.64</ele>
   </trkpt>
   <trkpt lat="39.83357" lon="32.81279">
    <ele>1160.49</ele>
   </trkpt>
   <trkpt lat="39.83381" lon="32.812830000000005">
    <ele>1163.89</ele>
   </trkpt>
   <trkpt lat="39.83404" lon="32.81286">
    <ele>1168.1000000000001</ele>
   </trkpt>
   <trkpt lat="39.8342" lon="32.8128">
    <ele>1169.49</ele>
   </trkpt>
   <trkpt lat="39.8346" lon="32.81252">
    <ele>1172.8500000000001</ele>
   </trkpt>
   <trkpt lat="39.83523" lon="32.81224">
    <ele>1174.01</ele>
   </trkpt>
   <trkpt lat="39.835510000000006" lon="32.81188">
    <ele>1174.2</ele>
   </trkpt>
   <trkpt lat="39.83585" lon="32.81154">
    <ele>1178.1000000000001</ele>
   </trkpt>
   <trkpt lat="39.835860000000004" lon="32.811550000000004">
    <ele>1178.6000000000001</ele>
   </trkpt>
   <trkpt lat="39.83614" lon="32.811400000000006">
    <ele>1181.72</ele>
   </trkpt>
   <trkpt lat="39.83632" lon="32.81134">
    <ele>1183.41</ele>
   </trkpt>
   <trkpt lat="39.836330000000004" lon="32.81134">
    <ele>1183.78</ele>
   </trkpt>
   <trkpt lat="39.83643" lon="32.81125">
    <ele>1184.74</ele>
   </trkpt>
   <trkpt lat="39.83644" lon="32.8111">
    <ele>1184.65</ele>
   </trkpt>
   <trkpt lat="39.836380000000005" lon="32.81096">
    <ele>1183.96</ele>
   </trkpt>
   <trkpt lat="39.836380000000005" lon="32.810970000000005">
    <ele>1184.3000000000002</ele>
   </trkpt>
   <trkpt lat="39.83612" lon="32.810590000000005">
    <ele>1181.75</ele>
   </trkpt>
   <trkpt lat="39.835980000000006" lon="32.81063">
    <ele>1180.0600000000002</ele>
   </trkpt>
   <trkpt lat="39.835750000000004" lon="32.81056">
    <ele>1177.5800000000002</ele>
   </trkpt>
   <trkpt lat="39.83556" lon="32.81056">
    <ele>1174.91</ele>
   </trkpt>
   <trkpt lat="39.835570000000004" lon="32.81056">
    <ele>1175.44</ele>
   </trkpt>
   <trkpt lat="39.835240000000006" lon="32.810480000000005">
    <ele>1171.16</ele>
   </trkpt>
   <trkpt lat="39.83511" lon="32.81038">
    <ele>1170.15</ele>
   </trkpt>
   <trkpt lat="39.835" lon="32.810120000000005">
    <ele>1170.92</ele>
   </trkpt>
   <trkpt lat="39.835" lon="32.809900000000006">
    <ele>1173.39</ele>
   </trkpt>
   <trkpt lat="39.835010000000004" lon="32.809900000000006">
    <ele>1173.92</ele>
   </trkpt>
   <trkpt lat="39.834990000000005" lon="32.809740000000005">
    <ele>1175.19</ele>
   </trkpt>
   <trkpt lat="39.83491" lon="32.8096">
    <ele>1175.5600000000002</ele>
   </trkpt>
   <trkpt lat="39.83478" lon="32.80942">
    <ele>1176.01</ele>
   </trkpt>
   <trkpt lat="39.83478" lon="32.80926">
    <ele>1177.03</ele>
   </trkpt>
   <trkpt lat="39.83462" lon="32.80892">
    <ele>1176.67</ele>
   </trkpt>
   <trkpt lat="39.834630000000004" lon="32.80892">
    <ele>1176.67</ele>
   </trkpt>
   <trkpt lat="39.83453" lon="32.8087">
    <ele>1176.97</ele>
   </trkpt>
   <trkpt lat="39.83437" lon="32.808330000000005">
    <ele>1178.8</ele>
   </trkpt>
   <trkpt lat="39.83418" lon="32.80816">
    <ele>1179.54</ele>
   </trkpt>
   <trkpt lat="39.83418" lon="32.808170000000004">
    <ele>1179.54</ele>
   </trkpt>
   <trkpt lat="39.834030000000006" lon="32.80812">
    <ele>1179.14</ele>
   </trkpt>
   <trkpt lat="39.83381" lon="32.80858">
    <ele>1173.8500000000001</ele>
   </trkpt>
   <trkpt lat="39.833600001682804" lon="32.809195001706776">
    <ele>1168.42</ele>
   </trkpt>
   <trkpt lat="39.83339" lon="32.809810000000006">
    <ele>1158.15</ele>
   </trkpt>
   <trkpt lat="39.83317" lon="32.809900000000006">
    <ele>1156.5800000000002</ele>
   </trkpt>
   <trkpt lat="39.83294" lon="32.809920000000005">
    <ele>1154.4</ele>
   </trkpt>
   <trkpt lat="39.83274" lon="32.809830000000005">
    <ele>1152.59</ele>
   </trkpt>
   <trkpt lat="39.83265" lon="32.809670000000004">
    <ele>1153.96</ele>
   </trkpt>
   <trkpt lat="39.83265" lon="32.80966">
    <ele>1153.96</ele>
   </trkpt>
   <trkpt lat="39.832640000000005" lon="32.809380000000004">
    <ele>1158.35</ele>
   </trkpt>
   <trkpt lat="39.832640000000005" lon="32.80937">
    <ele>1159.0</ele>
   </trkpt>
   <trkpt lat="39.83267" lon="32.809160000000006">
    <ele>1162.41</ele>
   </trkpt>
   <trkpt lat="39.83276" lon="32.809090000000005">
    <ele>1163.96</ele>
   </trkpt>
   <trkpt lat="39.83276" lon="32.80908">
    <ele>1164.23</ele>
   </trkpt>
   <trkpt lat="39.83288" lon="32.808710000000005">
    <ele>1169.03</ele>
   </trkpt>
   <trkpt lat="39.83308" lon="32.80805">
    <ele>1175.95</ele>
   </trkpt>
   <trkpt lat="39.8333" lon="32.807190000000006">
    <ele>1182.28</ele>
   </trkpt>
   <trkpt lat="39.83334" lon="32.806900000000006">
    <ele>1183.95</ele>
   </trkpt>
   <trkpt lat="39.8333" lon="32.80668">
    <ele>1184.4</ele>
   </trkpt>
   <trkpt lat="39.833310000000004" lon="32.80668">
    <ele>1184.4</ele>
   </trkpt>
   <trkpt lat="39.833110000000005" lon="32.80621">
    <ele>1185.1200000000001</ele>
   </trkpt>
   <trkpt lat="39.83297" lon="32.80606">
    <ele>1186.5</ele>
   </trkpt>
   <trkpt lat="39.83256" lon="32.806070000000005">
    <ele>1185.8000000000002</ele>
   </trkpt>
   <trkpt lat="39.832570000000004" lon="32.806070000000005">
    <ele>1185.95</ele>
   </trkpt>
   <trkpt lat="39.83229" lon="32.80594">
    <ele>1186.0300000000002</ele>
   </trkpt>
   <trkpt lat="39.832300000000004" lon="32.80594">
    <ele>1186.1000000000001</ele>
   </trkpt>
   <trkpt lat="39.83213000000001" lon="32.80575">
    <ele>1187.45</ele>
   </trkpt>
   <trkpt lat="39.832" lon="32.80548">
    <ele>1188.98</ele>
   </trkpt>
   <trkpt lat="39.832040000000006" lon="32.80512">
    <ele>1192.2700000000002</ele>
   </trkpt>
   <trkpt lat="39.83214" lon="32.80469">
    <ele>1193.7600000000002</ele>
   </trkpt>
   <trkpt lat="39.83211" lon="32.80425">
    <ele>1192.0700000000002</ele>
   </trkpt>
   <trkpt lat="39.832390000000004" lon="32.804550000000006">
    <ele>1194.4800000000002</ele>
   </trkpt>
   <trkpt lat="39.83238" lon="32.804550000000006">
    <ele>1194.4800000000002</ele>
   </trkpt>
   <trkpt lat="39.83263" lon="32.80473">
    <ele>1195.3400000000001</ele>
   </trkpt>
   <trkpt lat="39.8332550002321" lon="32.80494499805526">
    <ele>1194.26</ele>
   </trkpt>
   <trkpt lat="39.83388" lon="32.80516">
    <ele>1198.21</ele>
   </trkpt>
   <trkpt lat="39.834630000000004" lon="32.80541">
    <ele>1197.5500000000002</ele>
   </trkpt>
   <trkpt lat="39.83462" lon="32.80541">
    <ele>1197.5500000000002</ele>
   </trkpt>
   <trkpt lat="39.8352" lon="32.80545">
    <ele>1195.91</ele>
   </trkpt>
   <trkpt lat="39.83564127747852" lon="32.8064062069993">
    <ele>1194.44</ele>
   </trkpt>
   <trkpt lat="39.83608254710719" lon="32.80736242628577">
    <ele>1192.25</ele>
   </trkpt>
   <trkpt lat="39.836523808885765" lon="32.80831865785955">
    <ele>1190.7800000000002</ele>
   </trkpt>
   <trkpt lat="39.83696506281405" lon="32.80927490172078">
    <ele>1188.67</ele>
   </trkpt>
   <trkpt lat="39.83740630889181" lon="32.81023115786957">
    <ele>1189.0500000000002</ele>
   </trkpt>
   <trkpt lat="39.837847547118834" lon="32.81118742630606">
    <ele>1186.15</ele>
   </trkpt>
   <trkpt lat="39.83828877749486" lon="32.81214370703041">
    <ele>1183.0900000000001</ele>
   </trkpt>
   <trkpt lat="39.838730000000005" lon="32.813100000000006">
    <ele>1182.91</ele>
   </trkpt>
   <trkpt lat="39.83907000000001" lon="32.81378">
    <ele>1183.77</ele>
   </trkpt>
   <trkpt lat="39.83931500168691" lon="32.814404997795904">
    <ele>1185.2</ele>
   </trkpt>
   <trkpt lat="39.839560000000006" lon="32.81503">
    <ele>1184.65</ele>
   </trkpt>
   <trkpt lat="39.83966" lon="32.815380000000005">
    <ele>1183.98</ele>
   </trkpt>
   <trkpt lat="39.83966" lon="32.81537">
    <ele>1183.98</ele>
   </trkpt>
   <trkpt lat="39.84012000069617" lon="32.81576499737671">
    <ele>1184.14</ele>
   </trkpt>
   <trkpt lat="39.84058" lon="32.81616">
    <ele>1183.68</ele>
   </trkpt>
   <trkpt lat="39.841150000000006" lon="32.81683">
    <ele>1182.8500000000001</ele>
   </trkpt>
   <trkpt lat="39.84143000099786" lon="32.81730499811283">
    <ele>1182.77</ele>
   </trkpt>
   <trkpt lat="39.841710000000006" lon="32.817780000000006">
    <ele>1182.6100000000001</ele>
   </trkpt>
   <trkpt lat="39.84196500121505" lon="32.8182999981796">
    <ele>1182.5700000000002</ele>
   </trkpt>
   <trkpt lat="39.842220000000005" lon="32.81882">
    <ele>1181.8200000000002</ele>
   </trkpt>
   <trkpt lat="39.84221" lon="32.81882">
    <ele>1181.78</ele>
   </trkpt>
   <trkpt lat="39.842600000000004" lon="32.81931">
    <ele>1182.8400000000001</ele>
   </trkpt>
   <trkpt lat="39.84259" lon="32.81931">
    <ele>1182.8400000000001</ele>
   </trkpt>
   <trkpt lat="39.842870000000005" lon="32.819680000000005">
    <ele>1183.51</ele>
   </trkpt>
   <trkpt lat="39.84299" lon="32.82052">
    <ele>1183.72</ele>
   </trkpt>
   <trkpt lat="39.843120000000006" lon="32.82153">
    <ele>1186.2400000000002</ele>
   </trkpt>
   <trkpt lat="39.842850000000006" lon="32.821720000000006">
    <ele>1184.8700000000001</ele>
   </trkpt>
   <trkpt lat="39.842400000000005" lon="32.821160000000006">
    <ele>1180.3000000000002</ele>
   </trkpt>
   <trkpt lat="39.841710000000006" lon="32.8207">
    <ele>1175.3500000000001</ele>
   </trkpt>
   <trkpt lat="39.841100000000004" lon="32.82031">
    <ele>1171.54</ele>
   </trkpt>
   <trkpt lat="39.84109" lon="32.82031">
    <ele>1171.6000000000001</ele>
   </trkpt>
   <trkpt lat="39.84056" lon="32.8203">
    <ele>1171.31</ele>
   </trkpt>
   <trkpt lat="39.840090000000004" lon="32.82029">
    <ele>1169.15</ele>
   </trkpt>
   <trkpt lat="39.84008" lon="32.82029">
    <ele>1169.15</ele>
   </trkpt>
   <trkpt lat="39.839760000000005" lon="32.82054">
    <ele>1169.93</ele>
   </trkpt>
   <trkpt lat="39.83948" lon="32.82088">
    <ele>1170.25</ele>
   </trkpt>
   <trkpt lat="39.838890000000006" lon="32.820710000000005">
    <ele>1160.49</ele>
   </trkpt>
   <trkpt lat="39.83847" lon="32.82079">
    <ele>1157.66</ele>
   </trkpt>
   <trkpt lat="39.838480000000004" lon="32.82079">
    <ele>1157.66</ele>
   </trkpt>
   <trkpt lat="39.83827" lon="32.8211">
    <ele>1160.98</ele>
   </trkpt>
   <trkpt lat="39.83813000000001" lon="32.82155">
    <ele>1164.18</ele>
   </trkpt>
   <trkpt lat="39.83818" lon="32.821940000000005">
    <ele>1166.3700000000001</ele>
   </trkpt>
   <trkpt lat="39.838420000000006" lon="32.82249">
    <ele>1165.8500000000001</ele>
   </trkpt>
   <trkpt lat="39.83881" lon="32.82293">
    <ele>1168.5800000000002</ele>
   </trkpt>
   <trkpt lat="39.838910000000006" lon="32.82318">
    <ele>1168.71</ele>
   </trkpt>
   <trkpt lat="39.83898000000001" lon="32.82348">
    <ele>1169.3999999999999</ele>
   </trkpt>
   <trkpt lat="39.83944" lon="32.82406">
    <ele>1171.8700000000001</ele>
   </trkpt>
   <trkpt lat="39.839600000000004" lon="32.824180000000005">
    <ele>1172.3100000000002</ele>
   </trkpt>
   <trkpt lat="39.83959" lon="32.824180000000005">
    <ele>1172.66</ele>
   </trkpt>
   <trkpt lat="39.839830000000006" lon="32.824310000000004">
    <ele>1173.3200000000002</ele>
   </trkpt>
   <trkpt lat="39.839830000000006" lon="32.8243">
    <ele>1173.7000000000003</ele>
   </trkpt>
   <trkpt lat="39.84011" lon="32.82448">
    <ele>1174.96</ele>
   </trkpt>
   <trkpt lat="39.84029" lon="32.82466">
    <ele>1174.65</ele>
   </trkpt>
   <trkpt lat="39.84042" lon="32.824850000000005">
    <ele>1174.3000000000002</ele>
   </trkpt>
   <trkpt lat="39.84058" lon="32.82515">
    <ele>1173.5</ele>
   </trkpt>
   <trkpt lat="39.840700000000005" lon="32.825410000000005">
    <ele>1172.86</ele>
   </trkpt>
   <trkpt lat="39.840830000000004" lon="32.82556">
    <ele>1172.5800000000002</ele>
   </trkpt>
   <trkpt lat="39.84125" lon="32.82582">
    <ele>1172.19</ele>
   </trkpt>
   <trkpt lat="39.84147" lon="32.82603">
    <ele>1170.02</ele>
   </trkpt>
   <trkpt lat="39.84198000000001" lon="32.826480000000004">
    <ele>1166.14</ele>
   </trkpt>
   <trkpt lat="39.84198000000001" lon="32.82647">
    <ele>1166.14</ele>
   </trkpt>
   <trkpt lat="39.84226" lon="32.82668">
    <ele>1165.67</ele>
   </trkpt>
   <trkpt lat="39.842420000000004" lon="32.826600000000006">
    <ele>1166.4</ele>
   </trkpt>
   <trkpt lat="39.84272" lon="32.826330000000006">
    <ele>1170.35</ele>
   </trkpt>
   <trkpt lat="39.843030000000006" lon="32.82612">
    <ele>1175.45</ele>
   </trkpt>
   <trkpt lat="39.843410000000006" lon="32.82613">
    <ele>1181.2</ele>
   </trkpt>
   <trkpt lat="39.843610000000005" lon="32.82602">
    <ele>1185.42</ele>
   </trkpt>
   <trkpt lat="39.84375" lon="32.826">
    <ele>1187.1100000000001</ele>
   </trkpt>
   <trkpt lat="39.84389" lon="32.826040000000006">
    <ele>1188.44</ele>
   </trkpt>
   <trkpt lat="39.84396" lon="32.82618">
    <ele>1188.79</ele>
   </trkpt>
   <trkpt lat="39.843880000000006" lon="32.826480000000004">
    <ele>1187.1</ele>
   </trkpt>
   <trkpt lat="39.843900000000005" lon="32.82676">
    <ele>1186.7</ele>
   </trkpt>
   <trkpt lat="39.84395000000001" lon="32.82708">
    <ele>1187.2800000000002</ele>
   </trkpt>
   <trkpt lat="39.84394" lon="32.82734">
    <ele>1186.95</ele>
   </trkpt>
   <trkpt lat="39.84376" lon="32.8275">
    <ele>1183.5800000000002</ele>
   </trkpt>
   <trkpt lat="39.84376" lon="32.827510000000004">
    <ele>1183.5800000000002</ele>
   </trkpt>
   <trkpt lat="39.84357" lon="32.827670000000005">
    <ele>1180.35</ele>
   </trkpt>
   <trkpt lat="39.84353" lon="32.827830000000006">
    <ele>1179.69</ele>
   </trkpt>
   <trkpt lat="39.84362" lon="32.82815">
    <ele>1181.0500000000002</ele>
   </trkpt>
   <trkpt lat="39.84362" lon="32.828160000000004">
    <ele>1181.0500000000002</ele>
   </trkpt>
   <trkpt lat="39.84362" lon="32.82836">
    <ele>1180.8899999999999</ele>
   </trkpt>
   <trkpt lat="39.843630000000005" lon="32.82836">
    <ele>1180.8899999999999</ele>
   </trkpt>
   <trkpt lat="39.84357" lon="32.82862">
    <ele>1179.63</ele>
   </trkpt>
   <trkpt lat="39.843610000000005" lon="32.8288">
    <ele>1180.79</ele>
   </trkpt>
   <trkpt lat="39.84376" lon="32.828920000000004">
    <ele>1182.7800000000002</ele>
   </trkpt>
   <trkpt lat="39.84387" lon="32.82907">
    <ele>1184.29</ele>
   </trkpt>
   <trkpt lat="39.84405" lon="32.8292">
    <ele>1185.4900000000002</ele>
   </trkpt>
   <trkpt lat="39.84405" lon="32.82931">
    <ele>1185.1100000000001</ele>
   </trkpt>
   <trkpt lat="39.843990000000005" lon="32.8294">
    <ele>1184.2700000000002</ele>
   </trkpt>
   <trkpt lat="39.843790000000006" lon="32.829510000000006">
    <ele>1181.3700000000001</ele>
   </trkpt>
   <trkpt lat="39.843590000000006" lon="32.829620000000006">
    <ele>1178.42</ele>
   </trkpt>
   <trkpt lat="39.84347" lon="32.82981">
    <ele>1175.45</ele>
   </trkpt>
   <trkpt lat="39.84344" lon="32.83001">
    <ele>1175.0200000000002</ele>
   </trkpt>
   <trkpt lat="39.84357" lon="32.8303">
    <ele>1176.7</ele>
   </trkpt>
   <trkpt lat="39.843810000000005" lon="32.83048">
    <ele>1179.92</ele>
   </trkpt>
   <trkpt lat="39.84402" lon="32.830560000000006">
    <ele>1182.19</ele>
   </trkpt>
   <trkpt lat="39.84427" lon="32.83073">
    <ele>1184.43</ele>
   </trkpt>
   <trkpt lat="39.84433000000001" lon="32.83095">
    <ele>1184.18</ele>
   </trkpt>
   <trkpt lat="39.84433000000001" lon="32.83113">
    <ele>1183.8300000000002</ele>
   </trkpt>
   <trkpt lat="39.84434" lon="32.83146">
    <ele>1183.4600000000003</ele>
   </trkpt>
   <trkpt lat="39.84402" lon="32.832330000000006">
    <ele>1183.3200000000002</ele>
   </trkpt>
   <trkpt lat="39.844030000000004" lon="32.832330000000006">
    <ele>1183.4</ele>
   </trkpt>
   <trkpt lat="39.84373" lon="32.83312">
    <ele>1185.78</ele>
   </trkpt>
   <trkpt lat="39.84324" lon="32.83325">
    <ele>1186.76</ele>
   </trkpt>
   <trkpt lat="39.8429" lon="32.833470000000005">
    <ele>1186.8</ele>
   </trkpt>
   <trkpt lat="39.842200000000005" lon="32.83368">
    <ele>1186.0700000000002</ele>
   </trkpt>
   <trkpt lat="39.84173499989332" lon="32.83382500104333">
    <ele>1184.15</ele>
   </trkpt>
   <trkpt lat="39.84127" lon="32.83397">
    <ele>1183.15</ele>
   </trkpt>
   <trkpt lat="39.840650000000004" lon="32.834270000000004">
    <ele>1183.63</ele>
   </trkpt>
   <trkpt lat="39.84064" lon="32.83426">
    <ele>1183.4900000000002</ele>
   </trkpt>
   <trkpt lat="39.84089" lon="32.835080000000005">
    <ele>1187.33</ele>
   </trkpt>
   <trkpt lat="39.8412150016365" lon="32.83569499711361">
    <ele>1188.7500000000002</ele>
   </trkpt>
   <trkpt lat="39.84154" lon="32.836310000000005">
    <ele>1187.78</ele>
   </trkpt>
   <trkpt lat="39.84154" lon="32.8363">
    <ele>1187.78</ele>
   </trkpt>
   <trkpt lat="39.84174" lon="32.8365">
    <ele>1186.8100000000002</ele>
   </trkpt>
   <trkpt lat="39.84232" lon="32.836780000000005">
    <ele>1186.3799999999999</ele>
   </trkpt>
   <trkpt lat="39.842715001251754" lon="32.83730999701271">
    <ele>1185.5200000000002</ele>
   </trkpt>
   <trkpt lat="39.84311" lon="32.83784">
    <ele>1184.7800000000002</ele>
   </trkpt>
   <trkpt lat="39.84342" lon="32.838240000000006">
    <ele>1183.5500000000002</ele>
   </trkpt>
   <trkpt lat="39.84414" lon="32.83843">
    <ele>1182.0400000000002</ele>
   </trkpt>
   <trkpt lat="39.84464000000951" lon="32.83847999963576">
    <ele>1184.63</ele>
   </trkpt>
   <trkpt lat="39.84514" lon="32.838530000000006">
    <ele>1182.53</ele>
   </trkpt>
   <trkpt lat="39.845764999950774" lon="32.83854499986225">
    <ele>1172.9</ele>
   </trkpt>
   <trkpt lat="39.84639000000001" lon="32.83856">
    <ele>1167.03</ele>
   </trkpt>
   <trkpt lat="39.846076671437935" lon="32.8378166599464">
    <ele>1170.98</ele>
   </trkpt>
   <trkpt lat="39.845763338131775" lon="32.83707332667763">
    <ele>1170.7500000000002</ele>
   </trkpt>
   <trkpt lat="39.84545000000001" lon="32.836330000000004">
    <ele>1172.42</ele>
   </trkpt>
   <trkpt lat="39.84545000000001" lon="32.83632">
    <ele>1172.45</ele>
   </trkpt>
   <trkpt lat="39.845140002015825" lon="32.83564499708269">
    <ele>1175.6100000000001</ele>
   </trkpt>
   <trkpt lat="39.84483" lon="32.834970000000006">
    <ele>1178.66</ele>
   </trkpt>
   <trkpt lat="39.84474000664727" lon="32.834089997678184">
    <ele>1181.66</ele>
   </trkpt>
   <trkpt lat="39.84465000664574" lon="32.833209997663324">
    <ele>1183.5</ele>
   </trkpt>
   <trkpt lat="39.84456" lon="32.832330000000006">
    <ele>1183.4</ele>
   </trkpt>
   <trkpt lat="39.84445" lon="32.8314">
    <ele>1183.63</ele>
   </trkpt>
   <trkpt lat="39.84456" lon="32.83077">
    <ele>1185.0</ele>
   </trkpt>
   <trkpt lat="39.84447" lon="32.83054">
    <ele>1185.6100000000001</ele>
   </trkpt>
   <trkpt lat="39.84447" lon="32.83021">
    <ele>1186.74</ele>
   </trkpt>
   <trkpt lat="39.844530000000006" lon="32.82977">
    <ele>1187.8300000000002</ele>
   </trkpt>
   <trkpt lat="39.84452" lon="32.8292">
    <ele>1188.5100000000002</ele>
   </trkpt>
   <trkpt lat="39.84432" lon="32.82851">
    <ele>1189.18</ele>
   </trkpt>
   <trkpt lat="39.84427" lon="32.82766">
    <ele>1190.68</ele>
   </trkpt>
   <trkpt lat="39.84427" lon="32.82683">
    <ele>1192.59</ele>
   </trkpt>
   <trkpt lat="39.84429" lon="32.82611">
    <ele>1193.43</ele>
   </trkpt>
   <trkpt lat="39.844190000000005" lon="32.82574">
    <ele>1192.56</ele>
   </trkpt>
   <trkpt lat="39.84418" lon="32.82574">
    <ele>1192.56</ele>
   </trkpt>
   <trkpt lat="39.84422" lon="32.825340000000004">
    <ele>1193.5200000000002</ele>
   </trkpt>
   <trkpt lat="39.84422" lon="32.82533">
    <ele>1193.5200000000002</ele>
   </trkpt>
   <trkpt lat="39.84395000000001" lon="32.82475">
    <ele>1192.5400000000002</ele>
   </trkpt>
   <trkpt lat="39.843740004022095" lon="32.82378499716113">
    <ele>1192.8500000000001</ele>
   </trkpt>
   <trkpt lat="39.84353" lon="32.82282">
    <ele>1190.92</ele>
   </trkpt>
   <trkpt lat="39.843500000000006" lon="32.82222">
    <ele>1190.0000000000002</ele>
   </trkpt>
   <trkpt lat="39.8434" lon="32.821630000000006">
    <ele>1188.39</ele>
   </trkpt>
   <trkpt lat="39.84322" lon="32.82112">
    <ele>1186.32</ele>
   </trkpt>
   <trkpt lat="39.84315" lon="32.82012">
    <ele>1184.5800000000002</ele>
   </trkpt>
   <trkpt lat="39.842900004191804" lon="32.819134996519274">
    <ele>1184.35</ele>
   </trkpt>
   <trkpt lat="39.842650000000006" lon="32.81815">
    <ele>1183.8500000000001</ele>
   </trkpt>
   <trkpt lat="39.842490010893236" lon="32.81702332804641">
    <ele>1183.5800000000002</ele>
   </trkpt>
   <trkpt lat="39.842330010888034" lon="32.81589666134328">
    <ele>1185.04</ele>
   </trkpt>
   <trkpt lat="39.84217" lon="32.81477">
    <ele>1186.1000000000001</ele>
   </trkpt>
   <trkpt lat="39.84207502204033" lon="32.81375665965858">
    <ele>1183.5500000000002</ele>
   </trkpt>
   <trkpt lat="39.841980035264505" lon="32.81274332212056">
    <ele>1180.79</ele>
   </trkpt>
   <trkpt lat="39.84188503967257" lon="32.811729987386194">
    <ele>1176.42</ele>
   </trkpt>
   <trkpt lat="39.841790035264594" lon="32.81071665545573">
    <ele>1174.8500000000001</ele>
   </trkpt>
   <trkpt lat="39.84169502204062" lon="32.80970332632939">
    <ele>1175.2600000000002</ele>
   </trkpt>
   <trkpt lat="39.84160000000001" lon="32.808690000000006">
    <ele>1175.89</ele>
   </trkpt>
   <trkpt lat="39.84155001038987" lon="32.80758999842742">
    <ele>1179.64</ele>
   </trkpt>
   <trkpt lat="39.84150001039118" lon="32.8064899984566">
    <ele>1180.2100000000003</ele>
   </trkpt>
   <trkpt lat="39.84145" lon="32.80539">
    <ele>1177.67</ele>
   </trkpt>
   <trkpt lat="39.84132" lon="32.805130000000005">
    <ele>1178.32</ele>
   </trkpt>
   <trkpt lat="39.84096" lon="32.80474">
    <ele>1181.5800000000002</ele>
   </trkpt>
   <trkpt lat="39.84051" lon="32.8046">
    <ele>1182.7800000000002</ele>
   </trkpt>
   <trkpt lat="39.839760000000005" lon="32.80451">
    <ele>1182.6000000000001</ele>
   </trkpt>
   <trkpt lat="39.83904499981778" lon="32.80457500069497">
    <ele>1182.17</ele>
   </trkpt>
   <trkpt lat="39.838330000000006" lon="32.80464">
    <ele>1183.27</ele>
   </trkpt>
   <trkpt lat="39.83785" lon="32.80416">
    <ele>1183.1</ele>
   </trkpt>
   <trkpt lat="39.83738" lon="32.803990000000006">
    <ele>1184.4800000000002</ele>
   </trkpt>
   <trkpt lat="39.83762" lon="32.803450000000005">
    <ele>1188.22</ele>
   </trkpt>
   <trkpt lat="39.837630000000004" lon="32.803450000000005">
    <ele>1188.22</ele>
   </trkpt>
   <trkpt lat="39.83791500210871" lon="32.80275000289195">
    <ele>1179.96</ele>
   </trkpt>
   <trkpt lat="39.8382" lon="32.80205">
    <ele>1161.39</ele>
   </trkpt>
   <trkpt lat="39.83834" lon="32.80165">
    <ele>1153.66</ele>
   </trkpt>
   <trkpt lat="39.838890000000006" lon="32.80151">
    <ele>1158.8200000000002</ele>
   </trkpt>
   <trkpt lat="39.838800000000006" lon="32.8012">
    <ele>1156.2700000000002</ele>
   </trkpt>
   <trkpt lat="39.838800000000006" lon="32.801210000000005">
    <ele>1156.2700000000002</ele>
   </trkpt>
   <trkpt lat="39.83827400782747" lon="32.80053597938572">
    <ele>1150.71</ele>
   </trkpt>
   <trkpt lat="39.83774801175462" lon="32.79986196909622">
    <ele>1146.73</ele>
   </trkpt>
   <trkpt lat="39.83722201178159" lon="32.799187969131225">
    <ele>1141.9</ele>
   </trkpt>
   <trkpt lat="39.83669600790853" lon="32.79851397949046">
    <ele>1139.5300000000002</ele>
   </trkpt>
   <trkpt lat="39.83617" lon="32.79784">
    <ele>1141.01</ele>
   </trkpt>
   <trkpt lat="39.83617" lon="32.797850000000004">
    <ele>1141.01</ele>
   </trkpt>
   <trkpt lat="39.83568" lon="32.797230000000006">
    <ele>1142.7900000000002</ele>
   </trkpt>
   <trkpt lat="39.835660000000004" lon="32.796780000000005">
    <ele>1145.6399999999999</ele>
   </trkpt>
   <trkpt lat="39.83565" lon="32.796780000000005">
    <ele>1145.39</ele>
   </trkpt>
   <trkpt lat="39.83588" lon="32.79688">
    <ele>1146.7800000000002</ele>
   </trkpt>
   <trkpt lat="39.83617" lon="32.79686">
    <ele>1147.92</ele>
   </trkpt>
   <trkpt lat="39.836450000000006" lon="32.796580000000006">
    <ele>1147.76</ele>
   </trkpt>
   <trkpt lat="39.83641" lon="32.79619">
    <ele>1144.17</ele>
   </trkpt>
   <trkpt lat="39.83657" lon="32.79598">
    <ele>1144.7800000000002</ele>
   </trkpt>
   <trkpt lat="39.83655" lon="32.79556">
    <ele>1144.09</ele>
   </trkpt>
   <trkpt lat="39.83648" lon="32.79534">
    <ele>1145.2300000000002</ele>
   </trkpt>
   <trkpt lat="39.836780000000005" lon="32.795">
    <ele>1147.41</ele>
   </trkpt>
   <trkpt lat="39.83715" lon="32.79475">
    <ele>1153.82</ele>
   </trkpt>
   <trkpt lat="39.83717" lon="32.794900000000005">
    <ele>1152.73</ele>
   </trkpt>
   <trkpt lat="39.83710000000001" lon="32.795170000000006">
    <ele>1150.13</ele>
   </trkpt>
   <trkpt lat="39.83708" lon="32.7954">
    <ele>1149.0600000000002</ele>
   </trkpt>
   <trkpt lat="39.83711" lon="32.79562">
    <ele>1149.2600000000002</ele>
   </trkpt>
   <trkpt lat="39.837270000000004" lon="32.79576">
    <ele>1152.8500000000001</ele>
   </trkpt>
   <trkpt lat="39.83747" lon="32.79585">
    <ele>1157.3500000000001</ele>
   </trkpt>
   <trkpt lat="39.837610000000005" lon="32.79627">
    <ele>1163.15</ele>
   </trkpt>
   <trkpt lat="39.83798" lon="32.79688">
    <ele>1171.46</ele>
   </trkpt>
   <trkpt lat="39.83813000000001" lon="32.79742">
    <ele>1171.03</ele>
   </trkpt>
   <trkpt lat="39.8384" lon="32.79778">
    <ele>1174.08</ele>
   </trkpt>
   <trkpt lat="39.83858" lon="32.79749">
    <ele>1177.94</ele>
   </trkpt>
   <trkpt lat="39.83865" lon="32.79715">
    <ele>1180.39</ele>
   </trkpt>
   <trkpt lat="39.838660000000004" lon="32.79715">
    <ele>1180.7800000000002</ele>
   </trkpt>
   <trkpt lat="39.838730000000005" lon="32.796760000000006">
    <ele>1183.1100000000001</ele>
   </trkpt>
   <trkpt lat="39.83881" lon="32.79663">
    <ele>1184.73</ele>
   </trkpt>
   <trkpt lat="39.83881" lon="32.796640000000004">
    <ele>1184.5400000000002</ele>
   </trkpt>
   <trkpt lat="39.83896" lon="32.79655">
    <ele>1188.17</ele>
   </trkpt>
   <trkpt lat="39.839200000000005" lon="32.79643">
    <ele>1192.4</ele>
   </trkpt>
   <trkpt lat="39.839200000000005" lon="32.796440000000004">
    <ele>1192.4</ele>
   </trkpt>
   <trkpt lat="39.83932" lon="32.796310000000005">
    <ele>1194.3100000000002</ele>
   </trkpt>
   <trkpt lat="39.839330000000004" lon="32.796310000000005">
    <ele>1194.6000000000001</ele>
   </trkpt>
   <trkpt lat="39.839560000000006" lon="32.79605">
    <ele>1198.76</ele>
   </trkpt>
   <trkpt lat="39.83995" lon="32.79598">
    <ele>1207.33</ele>
   </trkpt>
   <trkpt lat="39.84029" lon="32.79556">
    <ele>1213.26</ele>
   </trkpt>
   <trkpt lat="39.84057000000001" lon="32.79534">
    <ele>1216.6000000000001</ele>
   </trkpt>
   <trkpt lat="39.84076" lon="32.794790000000006">
    <ele>1218.23</ele>
   </trkpt>
   <trkpt lat="39.84103" lon="32.79459">
    <ele>1220.46</ele>
   </trkpt>
   <trkpt lat="39.84123" lon="32.79473">
    <ele>1221.3100000000002</ele>
   </trkpt>
   <trkpt lat="39.84138" lon="32.79466">
    <ele>1222.0600000000002</ele>
   </trkpt>
   <trkpt lat="39.841390000000004" lon="32.79466">
    <ele>1222.1200000000001</ele>
   </trkpt>
   <trkpt lat="39.84176" lon="32.79437">
    <ele>1223.87</ele>
   </trkpt>
   <trkpt lat="39.84219500111749" lon="32.79386500317282">
    <ele>1228.48</ele>
   </trkpt>
   <trkpt lat="39.84263" lon="32.79336">
    <ele>1230.64</ele>
   </trkpt>
   <trkpt lat="39.84255" lon="32.79298">
    <ele>1231.66</ele>
   </trkpt>
   <trkpt lat="39.842090000000006" lon="32.79244">
    <ele>1233.17</ele>
   </trkpt>
   <trkpt lat="39.84199" lon="32.792170000000006">
    <ele>1234.02</ele>
   </trkpt>
   <trkpt lat="39.84181" lon="32.79164">
    <ele>1234.49</ele>
   </trkpt>
   <trkpt lat="39.84192" lon="32.79142">
    <ele>1237.13</ele>
   </trkpt>
   <trkpt lat="39.842575000459824" lon="32.7917099972774">
    <ele>1238.7700000000002</ele>
   </trkpt>
   <trkpt lat="39.843230000000005" lon="32.792">
    <ele>1239.92</ele>
   </trkpt>
   <trkpt lat="39.843725000317015" lon="32.79174000186032">
    <ele>1241.2200000000003</ele>
   </trkpt>
   <trkpt lat="39.84422" lon="32.79148">
    <ele>1242.3000000000002</ele>
   </trkpt>
   <trkpt lat="39.84449" lon="32.79135">
    <ele>1242.9800000000002</ele>
   </trkpt>
   <trkpt lat="39.84478" lon="32.79122">
    <ele>1243.57</ele>
   </trkpt>
   <trkpt lat="39.84492" lon="32.791540000000005">
    <ele>1243.67</ele>
   </trkpt>
   <trkpt lat="39.84501" lon="32.79214">
    <ele>1241.2800000000002</ele>
   </trkpt>
   <trkpt lat="39.84503" lon="32.792500000000004">
    <ele>1240.0200000000002</ele>
   </trkpt>
   <trkpt lat="39.84503" lon="32.79249">
    <ele>1240.0200000000002</ele>
   </trkpt>
   <trkpt lat="39.84505" lon="32.79267">
    <ele>1239.5</ele>
   </trkpt>
   <trkpt lat="39.84572" lon="32.79205">
    <ele>1243.3700000000001</ele>
   </trkpt>
   <trkpt lat="39.846205001420095" lon="32.79150500368708">
    <ele>1245.92</ele>
   </trkpt>
   <trkpt lat="39.84669" lon="32.790960000000005">
    <ele>1248.3300000000002</ele>
   </trkpt>
   <trkpt lat="39.84718" lon="32.79057">
    <ele>1248.55</ele>
   </trkpt>
   <trkpt lat="39.84783" lon="32.79043">
    <ele>1248.79</ele>
   </trkpt>
   <trkpt lat="39.84783" lon="32.790440000000004">
    <ele>1248.79</ele>
   </trkpt>
   <trkpt lat="39.848475000041795" lon="32.79028500147104">
    <ele>1251.9300000000003</ele>
   </trkpt>
   <trkpt lat="39.849120000000006" lon="32.790130000000005">
    <ele>1257.05</ele>
   </trkpt>
   <trkpt lat="39.849790000000006" lon="32.79007">
    <ele>1257.93</ele>
   </trkpt>
   <trkpt lat="39.850170000000006" lon="32.79026">
    <ele>1257.3700000000001</ele>
   </trkpt>
   <trkpt lat="39.850350000000006" lon="32.79021">
    <ele>1257.36</ele>
   </trkpt>
   <trkpt lat="39.85058" lon="32.79014">
    <ele>1257.5500000000002</ele>
   </trkpt>
   <trkpt lat="39.85058" lon="32.790150000000004">
    <ele>1257.5500000000002</ele>
   </trkpt>
   <trkpt lat="39.8509" lon="32.79023">
    <ele>1257.3</ele>
   </trkpt>
   <trkpt lat="39.8509" lon="32.790240000000004">
    <ele>1257.27</ele>
   </trkpt>
   <trkpt lat="39.85114" lon="32.79036">
    <ele>1255.91</ele>
   </trkpt>
   <trkpt lat="39.851380000000006" lon="32.790710000000004">
    <ele>1252.63</ele>
   </trkpt>
   <trkpt lat="39.85164" lon="32.79151">
    <ele>1249.4900000000002</ele>
   </trkpt>
   <trkpt lat="39.85197" lon="32.79193">
    <ele>1245.23</ele>
   </trkpt>
   <trkpt lat="39.85208" lon="32.792280000000005">
    <ele>1241.41</ele>
   </trkpt>
   <trkpt lat="39.85217" lon="32.79271">
    <ele>1236.51</ele>
   </trkpt>
   <trkpt lat="39.85226" lon="32.792910000000006">
    <ele>1234.17</ele>
   </trkpt>
   <trkpt lat="39.852500000000006" lon="32.79319">
    <ele>1232.41</ele>
   </trkpt>
   <trkpt lat="39.852610000000006" lon="32.793330000000005">
    <ele>1232.48</ele>
   </trkpt>
   <trkpt lat="39.85266" lon="32.79356">
    <ele>1232.93</ele>
   </trkpt>
   <trkpt lat="39.85266" lon="32.79393">
    <ele>1232.2700000000002</ele>
   </trkpt>
   <trkpt lat="39.85266" lon="32.79417">
    <ele>1231.96</ele>
   </trkpt>
   <trkpt lat="39.85264" lon="32.79441">
    <ele>1232.42</ele>
   </trkpt>
   <trkpt lat="39.85258" lon="32.79497">
    <ele>1229.96</ele>
   </trkpt>
   <trkpt lat="39.85262" lon="32.795280000000005">
    <ele>1228.49</ele>
   </trkpt>
   <trkpt lat="39.85284" lon="32.795820000000006">
    <ele>1227.1200000000001</ele>
   </trkpt>
   <trkpt lat="39.852940000000004" lon="32.79605">
    <ele>1225.38</ele>
   </trkpt>
   <trkpt lat="39.85318" lon="32.79647">
    <ele>1219.75</ele>
   </trkpt>
   <trkpt lat="39.853590000000004" lon="32.796890000000005">
    <ele>1215.2200000000003</ele>
   </trkpt>
   <trkpt lat="39.85387" lon="32.797090000000004">
    <ele>1212.75</ele>
   </trkpt>
   <trkpt lat="39.854240000000004" lon="32.79762">
    <ele>1207.3</ele>
   </trkpt>
   <trkpt lat="39.854670000000006" lon="32.79795">
    <ele>1205.1900000000003</ele>
   </trkpt>
   <trkpt lat="39.85488" lon="32.79829">
    <ele>1201.99</ele>
   </trkpt>
   <trkpt lat="39.855070000000005" lon="32.7984">
    <ele>1201.41</ele>
   </trkpt>
   <trkpt lat="39.855540000000005" lon="32.79824">
    <ele>1203.96</ele>
   </trkpt>
   <trkpt lat="39.855740000000004" lon="32.798260000000006">
    <ele>1202.53</ele>
   </trkpt>
   <trkpt lat="39.856440000000006" lon="32.798210000000005">
    <ele>1198.8700000000001</ele>
   </trkpt>
   <trkpt lat="39.856860000000005" lon="32.79827">
    <ele>1201.0500000000002</ele>
   </trkpt>
   <trkpt lat="39.85696" lon="32.798390000000005">
    <ele>1201.94</ele>
   </trkpt>
   <trkpt lat="39.85708500497973" lon="32.79946499820026">
    <ele>1187.39</ele>
   </trkpt>
   <trkpt lat="39.85721" lon="32.800540000000005">
    <ele>1167.93</ele>
   </trkpt>
   <trkpt lat="39.857690000393724" lon="32.80080499819745">
    <ele>1171.42</ele>
   </trkpt>
   <trkpt lat="39.85817" lon="32.80107">
    <ele>1171.67</ele>
   </trkpt>
   <trkpt lat="39.85855" lon="32.8014">
    <ele>1163.3300000000002</ele>
   </trkpt>
   <trkpt lat="39.85904" lon="32.801480000000005">
    <ele>1156.74</ele>
   </trkpt>
   <trkpt lat="39.85992" lon="32.80135">
    <ele>1152.4800000000002</ele>
   </trkpt>
   <trkpt lat="39.86036" lon="32.80127">
    <ele>1149.96</ele>
   </trkpt>
   <trkpt lat="39.860620000000004" lon="32.801120000000004">
    <ele>1147.3300000000002</ele>
   </trkpt>
   <trkpt lat="39.860820000000004" lon="32.800760000000004">
    <ele>1145.89</ele>
   </trkpt>
   <trkpt lat="39.860600000000005" lon="32.80075">
    <ele>1149.4</ele>
   </trkpt>
   <trkpt lat="39.86041" lon="32.800700000000006">
    <ele>1154.1000000000001</ele>
   </trkpt>
   <trkpt lat="39.85994" lon="32.80017">
    <ele>1172.6100000000001</ele>
   </trkpt>
   <trkpt lat="39.859820000000006" lon="32.799980000000005">
    <ele>1177.51</ele>
   </trkpt>
   <trkpt lat="39.85974" lon="32.799670000000006">
    <ele>1184.67</ele>
   </trkpt>
   <trkpt lat="39.859700000000004" lon="32.7993">
    <ele>1189.33</ele>
   </trkpt>
   <trkpt lat="39.859770000000005" lon="32.799130000000005">
    <ele>1189.51</ele>
   </trkpt>
   <trkpt lat="39.859790000000004" lon="32.799">
    <ele>1189.89</ele>
   </trkpt>
   <trkpt lat="39.859770000000005" lon="32.79869">
    <ele>1192.14</ele>
   </trkpt>
   <trkpt lat="39.859680000000004" lon="32.79831">
    <ele>1197.03</ele>
   </trkpt>
   <trkpt lat="39.859550000000006" lon="32.79766">
    <ele>1202.68</ele>
   </trkpt>
   <trkpt lat="39.8596" lon="32.797520000000006">
    <ele>1202.6000000000001</ele>
   </trkpt>
   <trkpt lat="39.85969" lon="32.797650000000004">
    <ele>1200.8</ele>
   </trkpt>
   <trkpt lat="39.85998" lon="32.797450000000005">
    <ele>1197.38</ele>
   </trkpt>
   <trkpt lat="39.86021" lon="32.79711">
    <ele>1194.59</ele>
   </trkpt>
   <trkpt lat="39.860330000000005" lon="32.796800000000005">
    <ele>1192.94</ele>
   </trkpt>
   <trkpt lat="39.860240000000005" lon="32.79627">
    <ele>1195.0900000000001</ele>
   </trkpt>
   <trkpt lat="39.860290000000006" lon="32.79596">
    <ele>1195.0700000000002</ele>
   </trkpt>
   <trkpt lat="39.86041" lon="32.79563">
    <ele>1191.99</ele>
   </trkpt>
   <trkpt lat="39.860620000000004" lon="32.79538">
    <ele>1184.3799999999999</ele>
   </trkpt>
   <trkpt lat="39.86072" lon="32.79466">
    <ele>1179.25</ele>
   </trkpt>
   <trkpt lat="39.86077" lon="32.79404">
    <ele>1173.0800000000002</ele>
   </trkpt>
   <trkpt lat="39.860640000000004" lon="32.79301">
    <ele>1178.0300000000002</ele>
   </trkpt>
   <trkpt lat="39.86033500235151" lon="32.79226999671217">
    <ele>1182.23</ele>
   </trkpt>
   <trkpt lat="39.86003" lon="32.79153">
    <ele>1182.8899999999999</ele>
   </trkpt>
   <trkpt lat="39.85963" lon="32.79104">
    <ele>1183.0200000000002</ele>
   </trkpt>
   <trkpt lat="39.85943" lon="32.790690000000005">
    <ele>1182.42</ele>
   </trkpt>
   <trkpt lat="39.859075000605024" lon="32.79028999783847">
    <ele>1185.3100000000002</ele>
   </trkpt>
   <trkpt lat="39.858720000000005" lon="32.78989">
    <ele>1190.39</ele>
   </trkpt>
   <trkpt lat="39.858315000507645" lon="32.78954499796111">
    <ele>1194.15</ele>
   </trkpt>
   <trkpt lat="39.857910000000004" lon="32.7892">
    <ele>1195.6200000000001</ele>
   </trkpt>
   <trkpt lat="39.85763" lon="32.78889">
    <ele>1195.17</ele>
   </trkpt>
   <trkpt lat="39.857260000000004" lon="32.78848">
    <ele>1197.1000000000001</ele>
   </trkpt>
   <trkpt lat="39.85687" lon="32.78815">
    <ele>1199.91</ele>
   </trkpt>
   <trkpt lat="39.85654" lon="32.78788">
    <ele>1201.74</ele>
   </trkpt>
   <trkpt lat="39.85604" lon="32.787780000000005">
    <ele>1203.8200000000002</ele>
   </trkpt>
   <trkpt lat="39.855430000000005" lon="32.78784">
    <ele>1208.19</ele>
   </trkpt>
   <trkpt lat="39.85519" lon="32.78802">
    <ele>1212.02</ele>
   </trkpt>
   <trkpt lat="39.854940000000006" lon="32.78804">
    <ele>1214.96</ele>
   </trkpt>
   <trkpt lat="39.85481" lon="32.78801">
    <ele>1216.72</ele>
   </trkpt>
   <trkpt lat="39.854690000000005" lon="32.78792">
    <ele>1217.6200000000001</ele>
   </trkpt>
   <trkpt lat="39.85463" lon="32.78777">
    <ele>1216.8700000000001</ele>
   </trkpt>
   <trkpt lat="39.85519" lon="32.78735">
    <ele>1208.5800000000002</ele>
   </trkpt>
   <trkpt lat="39.855830000000005" lon="32.7869">
    <ele>1199.1000000000001</ele>
   </trkpt>
   <trkpt lat="39.85602" lon="32.786750000000005">
    <ele>1195.8600000000001</ele>
   </trkpt>
   <trkpt lat="39.856080000000006" lon="32.786410000000004">
    <ele>1192.3300000000002</ele>
   </trkpt>
   <trkpt lat="39.85609" lon="32.78557">
    <ele>1180.97</ele>
   </trkpt>
   <trkpt lat="39.855930001580084" lon="32.784964998622385">
    <ele>1175.37</ele>
   </trkpt>
   <trkpt lat="39.85577000000001" lon="32.78436">
    <ele>1176.19</ele>
   </trkpt>
   <trkpt lat="39.855790000000006" lon="32.783750000000005">
    <ele>1177.15</ele>
   </trkpt>
   <trkpt lat="39.85591" lon="32.78352">
    <ele>1175.8600000000001</ele>
   </trkpt>
   <trkpt lat="39.85624000000001" lon="32.783300000000004">
    <ele>1171.3</ele>
   </trkpt>
   <trkpt lat="39.856770000000004" lon="32.78302">
    <ele>1166.05</ele>
   </trkpt>
   <trkpt lat="39.857060000000004" lon="32.783030000000004">
    <ele>1161.68</ele>
   </trkpt>
   <trkpt lat="39.85709000000001" lon="32.783170000000005">
    <ele>1160.16</ele>
   </trkpt>
   <trkpt lat="39.85687" lon="32.783390000000004">
    <ele>1161.8200000000002</ele>
   </trkpt>
   <trkpt lat="39.85683" lon="32.78401">
    <ele>1157.8300000000002</ele>
   </trkpt>
   <trkpt lat="39.856730000000006" lon="32.78423">
    <ele>1158.69</ele>
   </trkpt>
   <trkpt lat="39.85678" lon="32.78439">
    <ele>1158.3000000000002</ele>
   </trkpt>
   <trkpt lat="39.8569" lon="32.78448">
    <ele>1156.47</ele>
   </trkpt>
   <trkpt lat="39.85699" lon="32.784440000000004">
    <ele>1154.5100000000002</ele>
   </trkpt>
   <trkpt lat="39.85707" lon="32.78428">
    <ele>1153.27</ele>
   </trkpt>
   <trkpt lat="39.857130000000005" lon="32.783910000000006">
    <ele>1153.1</ele>
   </trkpt>
   <trkpt lat="39.85717" lon="32.783840000000005">
    <ele>1153.0</ele>
   </trkpt>
   <trkpt lat="39.857260000000004" lon="32.783910000000006">
    <ele>1150.67</ele>
   </trkpt>
   <trkpt lat="39.85756000000001" lon="32.783950000000004">
    <ele>1144.5700000000002</ele>
   </trkpt>
   <trkpt lat="39.85802" lon="32.784040000000005">
    <ele>1135.5300000000002</ele>
   </trkpt>
   <trkpt lat="39.85862" lon="32.78428">
    <ele>1126.3899999999999</ele>
   </trkpt>
   <trkpt lat="39.85873" lon="32.78454">
    <ele>1124.3100000000002</ele>
   </trkpt>
   <trkpt lat="39.85931" lon="32.78474">
    <ele>1112.12</ele>
   </trkpt>
   <trkpt lat="39.85945" lon="32.784850000000006">
    <ele>1108.5500000000002</ele>
   </trkpt>
   <trkpt lat="39.85965" lon="32.784940000000006">
    <ele>1105.8300000000002</ele>
   </trkpt>
   <trkpt lat="39.8598" lon="32.785070000000005">
    <ele>1104.78</ele>
   </trkpt>
   <trkpt lat="39.859970000000004" lon="32.7853">
    <ele>1106.0</ele>
   </trkpt>
   <trkpt lat="39.860290000000006" lon="32.785430000000005">
    <ele>1104.5800000000002</ele>
   </trkpt>
   <trkpt lat="39.86094000000001" lon="32.78595">
    <ele>1102.3700000000001</ele>
   </trkpt>
   <trkpt lat="39.86104" lon="32.78596">
    <ele>1100.53</ele>
   </trkpt>
   <trkpt lat="39.861110000000004" lon="32.786120000000004">
    <ele>1101.75</ele>
   </trkpt>
   <trkpt lat="39.86126" lon="32.7862">
    <ele>1099.49</ele>
   </trkpt>
   <trkpt lat="39.86151" lon="32.78627">
    <ele>1096.03</ele>
   </trkpt>
   <trkpt lat="39.86184" lon="32.78625">
    <ele>1090.6100000000001</ele>
   </trkpt>
   <trkpt lat="39.86242" lon="32.78647">
    <ele>1088.51</ele>
   </trkpt>
   <trkpt lat="39.8626" lon="32.78662">
    <ele>1089.5600000000002</ele>
   </trkpt>
   <trkpt lat="39.862730000000006" lon="32.786910000000006">
    <ele>1093.7800000000002</ele>
   </trkpt>
   <trkpt lat="39.8629" lon="32.787150000000004">
    <ele>1096.57</ele>
   </trkpt>
   <trkpt lat="39.86332" lon="32.787380000000006">
    <ele>1095.08</ele>
   </trkpt>
   <trkpt lat="39.86397" lon="32.78806">
    <ele>1095.34</ele>
   </trkpt>
   <trkpt lat="39.86466" lon="32.78849">
    <ele>1093.75</ele>
   </trkpt>
   <trkpt lat="39.86525" lon="32.788650000000004">
    <ele>1085.91</ele>
   </trkpt>
   <trkpt lat="39.86525" lon="32.78864">
    <ele>1085.91</ele>
   </trkpt>
   <trkpt lat="39.865610000000004" lon="32.78886">
    <ele>1080.17</ele>
   </trkpt>
   <trkpt lat="39.86598" lon="32.78918">
    <ele>1072.7</ele>
   </trkpt>
   <trkpt lat="39.86621" lon="32.78925">
    <ele>1070.72</ele>
   </trkpt>
   <trkpt lat="39.86645" lon="32.789500000000004">
    <ele>1068.75</ele>
   </trkpt>
   <trkpt lat="39.866620000000005" lon="32.78951">
    <ele>1068.51</ele>
   </trkpt>
   <trkpt lat="39.86677" lon="32.78967">
    <ele>1068.7600000000002</ele>
   </trkpt>
   <trkpt lat="39.86701" lon="32.789660000000005">
    <ele>1069.3300000000002</ele>
   </trkpt>
   <trkpt lat="39.86713" lon="32.79007">
    <ele>1067.98</ele>
   </trkpt>
   <trkpt lat="39.8675" lon="32.79086">
    <ele>1068.66</ele>
   </trkpt>
   <trkpt lat="39.867920000000005" lon="32.79142">
    <ele>1068.75</ele>
   </trkpt>
   <trkpt lat="39.867900000000006" lon="32.791700000000006">
    <ele>1070.1900000000003</ele>
   </trkpt>
   <trkpt lat="39.867940000000004" lon="32.791810000000005">
    <ele>1070.3400000000001</ele>
   </trkpt>
   <trkpt lat="39.86789" lon="32.79195">
    <ele>1071.55</ele>
   </trkpt>
   <trkpt lat="39.86782" lon="32.79204">
    <ele>1072.36</ele>
   </trkpt>
   <trkpt lat="39.86782" lon="32.79249">
    <ele>1075.01</ele>
   </trkpt>
   <trkpt lat="39.8676" lon="32.792590000000004">
    <ele>1076.69</ele>
   </trkpt>
   <trkpt lat="39.8675" lon="32.792820000000006">
    <ele>1079.88</ele>
   </trkpt>
   <trkpt lat="39.86722" lon="32.79296">
    <ele>1083.28</ele>
   </trkpt>
   <trkpt lat="39.86713" lon="32.79323">
    <ele>1087.55</ele>
   </trkpt>
   <trkpt lat="39.866800000000005" lon="32.79368">
    <ele>1093.3700000000001</ele>
   </trkpt>
   <trkpt lat="39.86665" lon="32.79388">
    <ele>1095.42</ele>
   </trkpt>
   <trkpt lat="39.86666" lon="32.79404">
    <ele>1094.5900000000001</ele>
   </trkpt>
   <trkpt lat="39.86640500110958" lon="32.794570002170396">
    <ele>1097.75</ele>
   </trkpt>
   <trkpt lat="39.866150000000005" lon="32.795100000000005">
    <ele>1101.0900000000001</ele>
   </trkpt>
   <trkpt lat="39.865860000000005" lon="32.795280000000005">
    <ele>1103.4400000000003</ele>
   </trkpt>
   <trkpt lat="39.86524" lon="32.795640000000006">
    <ele>1107.5600000000002</ele>
   </trkpt>
   <trkpt lat="39.864810000000006" lon="32.79603">
    <ele>1110.06</ele>
   </trkpt>
   <trkpt lat="39.86415" lon="32.796620000000004">
    <ele>1115.19</ele>
   </trkpt>
   <trkpt lat="39.863640000000004" lon="32.79713">
    <ele>1114.8200000000002</ele>
   </trkpt>
   <trkpt lat="39.863020000000006" lon="32.79741">
    <ele>1114.54</ele>
   </trkpt>
   <trkpt lat="39.86269500080702" lon="32.79786500226965">
    <ele>1123.19</ele>
   </trkpt>
   <trkpt lat="39.862370000000006" lon="32.798320000000004">
    <ele>1130.53</ele>
   </trkpt>
   <trkpt lat="39.862120000000004" lon="32.79883">
    <ele>1132.3</ele>
   </trkpt>
   <trkpt lat="39.862100000000005" lon="32.79921">
    <ele>1133.93</ele>
   </trkpt>
   <trkpt lat="39.861940000000004" lon="32.79946">
    <ele>1136.7200000000003</ele>
   </trkpt>
   <trkpt lat="39.861580000000004" lon="32.79974">
    <ele>1141.1200000000001</ele>
   </trkpt>
   <trkpt lat="39.86139" lon="32.799960000000006">
    <ele>1142.69</ele>
   </trkpt>
   <trkpt lat="39.8614" lon="32.80019">
    <ele>1142.43</ele>
   </trkpt>
   <trkpt lat="39.86148" lon="32.80032">
    <ele>1141.73</ele>
   </trkpt>
   <trkpt lat="39.86166" lon="32.80049">
    <ele>1139.75</ele>
   </trkpt>
   <trkpt lat="39.8622" lon="32.8004">
    <ele>1136.44</ele>
   </trkpt>
   <trkpt lat="39.86244000000001" lon="32.80049">
    <ele>1134.02</ele>
   </trkpt>
   <trkpt lat="39.86249" lon="32.800760000000004">
    <ele>1131.8000000000002</ele>
   </trkpt>
   <trkpt lat="39.862120000000004" lon="32.80129">
    <ele>1132.8700000000001</ele>
   </trkpt>
   <trkpt lat="39.86198" lon="32.801500000000004">
    <ele>1133.04</ele>
   </trkpt>
   <trkpt lat="39.862320000000004" lon="32.8021">
    <ele>1128.48</ele>
   </trkpt>
   <trkpt lat="39.862890001547285" lon="32.802714994808454">
    <ele>1122.47</ele>
   </trkpt>
   <trkpt lat="39.86346" lon="32.80333">
    <ele>1119.67</ele>
   </trkpt>
   <trkpt lat="39.86394500100655" lon="32.803819996511805">
    <ele>1114.0400000000002</ele>
   </trkpt>
   <trkpt lat="39.864430000000006" lon="32.80431">
    <ele>1109.04</ele>
   </trkpt>
   <trkpt lat="39.864740000000005" lon="32.80458">
    <ele>1106.87</ele>
   </trkpt>
   <trkpt lat="39.86507" lon="32.80464">
    <ele>1105.7400000000002</ele>
   </trkpt>
   <trkpt lat="39.865850000312946" lon="32.80483499782047">
    <ele>1102.21</ele>
   </trkpt>
   <trkpt lat="39.86663" lon="32.80503">
    <ele>1103.24</ele>
   </trkpt>
   <trkpt lat="39.866820000000004" lon="32.80507">
    <ele>1104.36</ele>
   </trkpt>
   <trkpt lat="39.86681" lon="32.80507">
    <ele>1104.36</ele>
   </trkpt>
   <trkpt lat="39.86695" lon="32.805130000000005">
    <ele>1105.7100000000003</ele>
   </trkpt>
   <trkpt lat="39.866980000000005" lon="32.8052">
    <ele>1106.15</ele>
   </trkpt>
   <trkpt lat="39.866980000000005" lon="32.80561">
    <ele>1105.82</ele>
   </trkpt>
   <trkpt lat="39.86704" lon="32.80581">
    <ele>1105.48</ele>
   </trkpt>
   <trkpt lat="39.867160000000005" lon="32.805930000000004">
    <ele>1104.57</ele>
   </trkpt>
   <trkpt lat="39.867160000000005" lon="32.80592">
    <ele>1104.57</ele>
   </trkpt>
   <trkpt lat="39.86722" lon="32.80613">
    <ele>1102.13</ele>
   </trkpt>
   <trkpt lat="39.867610000000006" lon="32.806380000000004">
    <ele>1096.0800000000002</ele>
   </trkpt>
   <trkpt lat="39.867610000000006" lon="32.80637">
    <ele>1096.91</ele>
   </trkpt>
   <trkpt lat="39.86815" lon="32.806360000000005">
    <ele>1091.69</ele>
   </trkpt>
   <trkpt lat="39.86856" lon="32.80624">
    <ele>1090.96</ele>
   </trkpt>
   <trkpt lat="39.869260000000004" lon="32.80631">
    <ele>1092.13</ele>
   </trkpt>
   <trkpt lat="39.86963" lon="32.80648">
    <ele>1092.12</ele>
   </trkpt>
   <trkpt lat="39.869640000000004" lon="32.806490000000004">
    <ele>1092.12</ele>
   </trkpt>
   <trkpt lat="39.86966" lon="32.80642">
    <ele>1092.21</ele>
   </trkpt>
   <trkpt lat="39.86979" lon="32.80631">
    <ele>1092.23</ele>
   </trkpt>
   <trkpt lat="39.87008" lon="32.80623">
    <ele>1092.7600000000002</ele>
   </trkpt>
   <trkpt lat="39.86999" lon="32.8061">
    <ele>1092.92</ele>
   </trkpt>
   <trkpt lat="39.86976000000001" lon="32.80579">
    <ele>1094.0800000000002</ele>
   </trkpt>
   <trkpt lat="39.86919" lon="32.80503">
    <ele>1101.05</ele>
   </trkpt>
   <trkpt lat="39.86901" lon="32.80465">
    <ele>1103.0300000000002</ele>
   </trkpt>
   <trkpt lat="39.86863" lon="32.80447">
    <ele>1103.76</ele>
   </trkpt>
   <trkpt lat="39.86831" lon="32.80442">
    <ele>1105.0</ele>
   </trkpt>
   <trkpt lat="39.86784" lon="32.804480000000005">
    <ele>1107.3300000000002</ele>
   </trkpt>
   <trkpt lat="39.867850000000004" lon="32.804480000000005">
    <ele>1107.24</ele>
   </trkpt>
   <trkpt lat="39.86742000026738" lon="32.80474500168202">
    <ele>1108.44</ele>
   </trkpt>
   <trkpt lat="39.86699" lon="32.80501">
    <ele>1105.5700000000002</ele>
   </trkpt>
   <trkpt lat="39.867000000000004" lon="32.80501">
    <ele>1105.88</ele>
   </trkpt>
   <trkpt lat="39.86683" lon="32.80501">
    <ele>1104.23</ele>
   </trkpt>
   <trkpt lat="39.86663" lon="32.80487">
    <ele>1102.66</ele>
   </trkpt>
   <trkpt lat="39.866640000000004" lon="32.80487">
    <ele>1102.8</ele>
   </trkpt>
   <trkpt lat="39.86603" lon="32.80418">
    <ele>1100.0800000000002</ele>
   </trkpt>
   <trkpt lat="39.86578" lon="32.803720000000006">
    <ele>1101.49</ele>
   </trkpt>
   <trkpt lat="39.865700000000004" lon="32.80332">
    <ele>1098.44</ele>
   </trkpt>
   <trkpt lat="39.86567" lon="32.80256">
    <ele>1096.48</ele>
   </trkpt>
   <trkpt lat="39.86532000175953" lon="32.801914996660535">
    <ele>1098.72</ele>
   </trkpt>
   <trkpt lat="39.86497000000001" lon="32.80127">
    <ele>1099.3200000000002</ele>
   </trkpt>
   <trkpt lat="39.86486" lon="32.80089">
    <ele>1100.12</ele>
   </trkpt>
   <trkpt lat="39.86486" lon="32.80053">
    <ele>1100.87</ele>
   </trkpt>
   <trkpt lat="39.86482" lon="32.80003">
    <ele>1102.0500000000002</ele>
   </trkpt>
   <trkpt lat="39.86484" lon="32.799600000000005">
    <ele>1102.06</ele>
   </trkpt>
   <trkpt lat="39.86534" lon="32.79957">
    <ele>1095.7100000000003</ele>
   </trkpt>
   <trkpt lat="39.86590500028715" lon="32.79966499925943">
    <ele>1086.38</ele>
   </trkpt>
   <trkpt lat="39.86647000000001" lon="32.79976">
    <ele>1078.6299999999999</ele>
   </trkpt>
   <trkpt lat="39.866980000000005" lon="32.79963">
    <ele>1069.3799999999999</ele>
   </trkpt>
   <trkpt lat="39.86739" lon="32.7997">
    <ele>1062.8500000000001</ele>
   </trkpt>
   <trkpt lat="39.86759" lon="32.7997">
    <ele>1058.89</ele>
   </trkpt>
   <trkpt lat="39.86768" lon="32.79966">
    <ele>1057.45</ele>
   </trkpt>
   <trkpt lat="39.86788000000001" lon="32.79963">
    <ele>1053.88</ele>
   </trkpt>
   <trkpt lat="39.86809" lon="32.79956">
    <ele>1051.45</ele>
   </trkpt>
   <trkpt lat="39.86827" lon="32.799530000000004">
    <ele>1049.64</ele>
   </trkpt>
   <trkpt lat="39.868430000000004" lon="32.79952">
    <ele>1048.3600000000001</ele>
   </trkpt>
   <trkpt lat="39.86853" lon="32.799420000000005">
    <ele>1046.9</ele>
   </trkpt>
   <trkpt lat="39.86865" lon="32.79928">
    <ele>1045.63</ele>
   </trkpt>
   <trkpt lat="39.868770000000005" lon="32.799150000000004">
    <ele>1045.2100000000003</ele>
   </trkpt>
   <trkpt lat="39.86887" lon="32.7991">
    <ele>1044.99</ele>
   </trkpt>
   <trkpt lat="39.86901" lon="32.799170000000004">
    <ele>1043.96</ele>
   </trkpt>
   <trkpt lat="39.869170000000004" lon="32.79916">
    <ele>1043.08</ele>
   </trkpt>
   <trkpt lat="39.869420000000005" lon="32.79901">
    <ele>1042.07</ele>
   </trkpt>
   <trkpt lat="39.869550000000004" lon="32.798930000000006">
    <ele>1041.6000000000001</ele>
   </trkpt>
   <trkpt lat="39.86965" lon="32.79894">
    <ele>1041.01</ele>
   </trkpt>
   <trkpt lat="39.86976000000001" lon="32.799">
    <ele>1040.07</ele>
   </trkpt>
   <trkpt lat="39.86988" lon="32.79894">
    <ele>1040.3999999999999</ele>
   </trkpt>
   <trkpt lat="39.870140000000006" lon="32.799080000000004">
    <ele>1039.28</ele>
   </trkpt>
   <trkpt lat="39.870270000000005" lon="32.79912">
    <ele>1038.2</ele>
   </trkpt>
   <trkpt lat="39.870380000000004" lon="32.799130000000005">
    <ele>1037.1200000000001</ele>
   </trkpt>
   <trkpt lat="39.870520000000006" lon="32.79916">
    <ele>1035.28</ele>
   </trkpt>
   <trkpt lat="39.87062" lon="32.79916">
    <ele>1034.47</ele>
   </trkpt>
   <trkpt lat="39.87070000000001" lon="32.79916">
    <ele>1034.46</ele>
   </trkpt>
   <trkpt lat="39.87079000000001" lon="32.799310000000006">
    <ele>1033.05</ele>
   </trkpt>
   <trkpt lat="39.87088000000001" lon="32.79927">
    <ele>1033.35</ele>
   </trkpt>
   <trkpt lat="39.87097" lon="32.79928">
    <ele>1033.68</ele>
   </trkpt>
   <trkpt lat="39.871050000000004" lon="32.79928">
    <ele>1034.1100000000001</ele>
   </trkpt>
   <trkpt lat="39.871230000000004" lon="32.799170000000004">
    <ele>1033.73</ele>
   </trkpt>
   <trkpt lat="39.87136" lon="32.79918">
    <ele>1032.5300000000002</ele>
   </trkpt>
   <trkpt lat="39.87149" lon="32.799060000000004">
    <ele>1029.5</ele>
   </trkpt>
   <trkpt lat="39.871640000000006" lon="32.798770000000005">
    <ele>1026.58</ele>
   </trkpt>
   <trkpt lat="39.871900000000004" lon="32.798610000000004">
    <ele>1024.66</ele>
   </trkpt>
   <trkpt lat="39.87203" lon="32.79854">
    <ele>1023.0700000000002</ele>
   </trkpt>
   <trkpt lat="39.87219" lon="32.79842">
    <ele>1021.5</ele>
   </trkpt>
   <trkpt lat="39.872310000000006" lon="32.798390000000005">
    <ele>1020.3600000000001</ele>
   </trkpt>
   <trkpt lat="39.872440000000005" lon="32.798460000000006">
    <ele>1019.46</ele>
   </trkpt>
   <trkpt lat="39.87274" lon="32.79829">
    <ele>1017.5</ele>
   </trkpt>
   <trkpt lat="39.87301" lon="32.79825">
    <ele>1017.0400000000002</ele>
   </trkpt>
   <trkpt lat="39.87323000000001" lon="32.798280000000005">
    <ele>1016.8000000000002</ele>
   </trkpt>
   <trkpt lat="39.873380000000004" lon="32.798480000000005">
    <ele>1015.3199999999999</ele>
   </trkpt>
   <trkpt lat="39.87351" lon="32.798570000000005">
    <ele>1014.34</ele>
   </trkpt>
   <trkpt lat="39.873610000000006" lon="32.798550000000006">
    <ele>1014.1800000000001</ele>
   </trkpt>
   <trkpt lat="39.87368" lon="32.79865">
    <ele>1013.3100000000002</ele>
   </trkpt>
   <trkpt lat="39.873720000000006" lon="32.79872">
    <ele>1013.12</ele>
   </trkpt>
   <trkpt lat="39.873810000000006" lon="32.79876">
    <ele>1012.5300000000001</ele>
   </trkpt>
   <trkpt lat="39.873940000000005" lon="32.79872">
    <ele>1011.93</ele>
   </trkpt>
   <trkpt lat="39.874140000000004" lon="32.79881">
    <ele>1010.78</ele>
   </trkpt>
   <trkpt lat="39.87444" lon="32.79892">
    <ele>1009.0400000000002</ele>
   </trkpt>
   <trkpt lat="39.87458" lon="32.799">
    <ele>1008.4399999999999</ele>
   </trkpt>
   <trkpt lat="39.874750000000006" lon="32.798950000000005">
    <ele>1007.1600000000001</ele>
   </trkpt>
   <trkpt lat="39.874900000000004" lon="32.7988">
    <ele>1005.12</ele>
   </trkpt>
   <trkpt lat="39.875" lon="32.79865">
    <ele>1002.7000000000002</ele>
   </trkpt>
   <trkpt lat="39.875240000000005" lon="32.79845">
    <ele>999.09</ele>
   </trkpt>
   <trkpt lat="39.87485" lon="32.798260000000006">
    <ele>1004.0</ele>
   </trkpt>
   <trkpt lat="39.874370000000006" lon="32.79805">
    <ele>1012.8000000000001</ele>
   </trkpt>
   <trkpt lat="39.873990000000006" lon="32.797630000000005">
    <ele>1021.0400000000002</ele>
   </trkpt>
   <trkpt lat="39.87362" lon="32.797200000000004">
    <ele>1026.7</ele>
   </trkpt>
   <trkpt lat="39.8735" lon="32.797000000000004">
    <ele>1029.23</ele>
   </trkpt>
   <trkpt lat="39.87319" lon="32.796800000000005">
    <ele>1032.92</ele>
   </trkpt>
   <trkpt lat="39.87277" lon="32.7967">
    <ele>1036.8200000000002</ele>
   </trkpt>
   <trkpt lat="39.87209" lon="32.79686">
    <ele>1039.5</ele>
   </trkpt>
   <trkpt lat="39.871610000000004" lon="32.796760000000006">
    <ele>1044.1599999999999</ele>
   </trkpt>
   <trkpt lat="39.8712" lon="32.795970000000004">
    <ele>1050.8700000000001</ele>
   </trkpt>
   <trkpt lat="39.87096000128974" lon="32.79540499783281">
    <ele>1054.9700000000003</ele>
   </trkpt>
   <trkpt lat="39.870720000000006" lon="32.79484">
    <ele>1057.96</ele>
   </trkpt>
   <trkpt lat="39.870360000000005" lon="32.79386">
    <ele>1068.5800000000002</ele>
   </trkpt>
   <trkpt lat="39.87006" lon="32.79321">
    <ele>1069.91</ele>
   </trkpt>
   <trkpt lat="39.870540000000005" lon="32.793530000000004">
    <ele>1068.0700000000002</ele>
   </trkpt>
   <trkpt lat="39.870540000000005" lon="32.79352">
    <ele>1068.0700000000002</ele>
   </trkpt>
   <trkpt lat="39.87095" lon="32.79394">
    <ele>1065.64</ele>
   </trkpt>
   <trkpt lat="39.871680000000005" lon="32.79453">
    <ele>1056.8500000000001</ele>
   </trkpt>
   <trkpt lat="39.87185" lon="32.79466">
    <ele>1056.42</ele>
   </trkpt>
   <trkpt lat="39.872260000000004" lon="32.79478">
    <ele>1055.22</ele>
   </trkpt>
   <trkpt lat="39.872690000000006" lon="32.794740000000004">
    <ele>1052.42</ele>
   </trkpt>
   <trkpt lat="39.873000000000005" lon="32.794630000000005">
    <ele>1050.2</ele>
   </trkpt>
   <trkpt lat="39.87324" lon="32.794630000000005">
    <ele>1048.67</ele>
   </trkpt>
   <trkpt lat="39.8738" lon="32.79468">
    <ele>1045.18</ele>
   </trkpt>
   <trkpt lat="39.874340000000004" lon="32.7948">
    <ele>1044.43</ele>
   </trkpt>
   <trkpt lat="39.87485" lon="32.794720000000005">
    <ele>1043.8100000000002</ele>
   </trkpt>
   <trkpt lat="39.87539" lon="32.79457">
    <ele>1041.11</ele>
   </trkpt>
   <trkpt lat="39.87559" lon="32.794430000000006">
    <ele>1039.4800000000002</ele>
   </trkpt>
   <trkpt lat="39.87585" lon="32.794340000000005">
    <ele>1038.42</ele>
   </trkpt>
   <trkpt lat="39.876200000000004" lon="32.794250000000005">
    <ele>1037.92</ele>
   </trkpt>
   <trkpt lat="39.87684" lon="32.79411">
    <ele>1034.0</ele>
   </trkpt>
   <trkpt lat="39.87716" lon="32.79381">
    <ele>1028.68</ele>
   </trkpt>
   <trkpt lat="39.877790000000005" lon="32.793910000000004">
    <ele>1025.68</ele>
   </trkpt>
   <trkpt lat="39.87811000000001" lon="32.79408">
    <ele>1024.16</ele>
   </trkpt>
   <trkpt lat="39.878600000000006" lon="32.79404">
    <ele>1017.23</ele>
   </trkpt>
   <trkpt lat="39.87879" lon="32.794140000000006">
    <ele>1015.7500000000001</ele>
   </trkpt>
   <trkpt lat="39.879070000000006" lon="32.79395">
    <ele>1013.6</ele>
   </trkpt>
   <trkpt lat="39.87924" lon="32.79404">
    <ele>1013.3700000000001</ele>
   </trkpt>
   <trkpt lat="39.87955" lon="32.794340000000005">
    <ele>1013.02</ele>
   </trkpt>
   <trkpt lat="39.87966" lon="32.794360000000005">
    <ele>1012.58</ele>
   </trkpt>
   <trkpt lat="39.879830000000005" lon="32.7943">
    <ele>1011.93</ele>
   </trkpt>
   <trkpt lat="39.88002" lon="32.79415">
    <ele>1011.33</ele>
   </trkpt>
   <trkpt lat="39.88038" lon="32.79408">
    <ele>1009.3100000000002</ele>
   </trkpt>
   <trkpt lat="39.88047" lon="32.79395">
    <ele>1008.4300000000002</ele>
   </trkpt>
   <trkpt lat="39.88049" lon="32.79381">
    <ele>1008.37</ele>
   </trkpt>
   <trkpt lat="39.88083" lon="32.79334">
    <ele>1001.05</ele>
   </trkpt>
   <trkpt lat="39.88136500122767" lon="32.79282000399241">
    <ele>991.2400000000001</ele>
   </trkpt>
   <trkpt lat="39.8819" lon="32.792300000000004">
    <ele>985.37</ele>
   </trkpt>
   <trkpt lat="39.882290000000005" lon="32.79204">
    <ele>981.9000000000001</ele>
   </trkpt>
   <trkpt lat="39.88228" lon="32.79204">
    <ele>981.5800000000002</ele>
   </trkpt>
   <trkpt lat="39.88261000000001" lon="32.79178">
    <ele>980.1</ele>
   </trkpt>
   <trkpt lat="39.883030000000005" lon="32.79139">
    <ele>978.5100000000001</ele>
   </trkpt>
   <trkpt lat="39.88362" lon="32.790780000000005">
    <ele>974.9900000000001</ele>
   </trkpt>
   <trkpt lat="39.88418" lon="32.79102">
    <ele>978.25</ele>
   </trkpt>
   <trkpt lat="39.884690000000006" lon="32.79119">
    <ele>973.46</ele>
   </trkpt>
   <trkpt lat="39.8851" lon="32.79122">
    <ele>969.1800000000001</ele>
   </trkpt>
   <trkpt lat="39.8858" lon="32.79103">
    <ele>961.2100000000002</ele>
   </trkpt>
   <trkpt lat="39.886280000000006" lon="32.79101">
    <ele>958.83</ele>
   </trkpt>
   <trkpt lat="39.886340000000004" lon="32.79198">
    <ele>966.2400000000001</ele>
   </trkpt>
   <trkpt lat="39.88633" lon="32.79198">
    <ele>966.2400000000001</ele>
   </trkpt>
   <trkpt lat="39.88635" lon="32.79287">
    <ele>968.34</ele>
   </trkpt>
   <trkpt lat="39.8866" lon="32.79346">
    <ele>968.5100000000001</ele>
   </trkpt>
   <trkpt lat="39.88694" lon="32.79365">
    <ele>963.5500000000001</ele>
   </trkpt>
   <trkpt lat="39.887370000000004" lon="32.793760000000006">
    <ele>957.8000000000001</ele>
   </trkpt>
   <trkpt lat="39.88736" lon="32.793760000000006">
    <ele>957.69</ele>
   </trkpt>
   <trkpt lat="39.88778000000001" lon="32.79364">
    <ele>954.69</ele>
   </trkpt>
   <trkpt lat="39.888290000000005" lon="32.79341">
    <ele>952.1</ele>
   </trkpt>
   <trkpt lat="39.888690000000004" lon="32.79314">
    <ele>952.2300000000001</ele>
   </trkpt>
   <trkpt lat="39.88868" lon="32.79314">
    <ele>952.2300000000001</ele>
   </trkpt>
   <trkpt lat="39.88913" lon="32.7929">
    <ele>953.3000000000001</ele>
   </trkpt>
   <trkpt lat="39.88961999988282" lon="32.79299499929071">
    <ele>953.3600000000001</ele>
   </trkpt>
   <trkpt lat="39.89011" lon="32.79309">
    <ele>952.21</ele>
   </trkpt>
   <trkpt lat="39.8905" lon="32.79305">
    <ele>950.5100000000001</ele>
   </trkpt>
   <trkpt lat="39.89096" lon="32.79305">
    <ele>949.4300000000001</ele>
   </trkpt>
   <trkpt lat="39.89078000000001" lon="32.792500000000004">
    <ele>942.85</ele>
   </trkpt>
   <trkpt lat="39.89043" lon="32.79191">
    <ele>936.7800000000001</ele>
   </trkpt>
   <trkpt lat="39.89023" lon="32.79159">
    <ele>935.49</ele>
   </trkpt>
   <trkpt lat="39.890170000000005" lon="32.79101">
    <ele>934.0</ele>
   </trkpt>
   <trkpt lat="39.89018" lon="32.79056">
    <ele>932.9600000000002</ele>
   </trkpt>
   <trkpt lat="39.89031000000001" lon="32.790240000000004">
    <ele>932.6</ele>
   </trkpt>
   <trkpt lat="39.89031000000001" lon="32.79023">
    <ele>932.83</ele>
   </trkpt>
   <trkpt lat="39.89097" lon="32.7901">
    <ele>927.66</ele>
   </trkpt>
   <trkpt lat="39.89126" lon="32.7898">
    <ele>925.1600000000001</ele>
   </trkpt>
   <trkpt lat="39.891830000000006" lon="32.78976">
    <ele>921.9900000000001</ele>
   </trkpt>
   <trkpt lat="39.892210000000006" lon="32.78956">
    <ele>919.4700000000001</ele>
   </trkpt>
   <trkpt lat="39.89249" lon="32.78956">
    <ele>918.73</ele>
   </trkpt>
   <trkpt lat="39.89282" lon="32.78934">
    <ele>917.0</ele>
   </trkpt>
   <trkpt lat="39.89356" lon="32.789210000000004">
    <ele>918.49</ele>
   </trkpt>
   <trkpt lat="39.89356" lon="32.7892">
    <ele>918.21</ele>
   </trkpt>
   <trkpt lat="39.893820000000005" lon="32.789030000000004">
    <ele>917.6500000000001</ele>
   </trkpt>
   <trkpt lat="39.893820000000005" lon="32.78902">
    <ele>917.6500000000001</ele>
   </trkpt>
   <trkpt lat="39.893930000000005" lon="32.788650000000004">
    <ele>916.19</ele>
   </trkpt>
   <trkpt lat="39.89392" lon="32.78864">
    <ele>915.93</ele>
   </trkpt>
   <trkpt lat="39.89435" lon="32.78839">
    <ele>915.1100000000001</ele>
   </trkpt>
   <trkpt lat="39.89441" lon="32.78736">
    <ele>911.4000000000001</ele>
   </trkpt>
   <trkpt lat="39.894960000000005" lon="32.78716">
    <ele>909.0400000000001</ele>
   </trkpt>
   <trkpt lat="39.89495" lon="32.78716">
    <ele>909.19</ele>
   </trkpt>
   <trkpt lat="39.89508" lon="32.787020000000005">
    <ele>908.08</ele>
   </trkpt>
   <trkpt lat="39.89506" lon="32.786730000000006">
    <ele>907.75</ele>
   </trkpt>
   <trkpt lat="39.8949" lon="32.786350000000006">
    <ele>908.17</ele>
   </trkpt>
   <trkpt lat="39.89473" lon="32.786030000000004">
    <ele>908.75</ele>
   </trkpt>
   <trkpt lat="39.89473" lon="32.78602">
    <ele>908.84</ele>
   </trkpt>
   <trkpt lat="39.89464" lon="32.78575">
    <ele>909.8000000000001</ele>
   </trkpt>
   <trkpt lat="39.89482" lon="32.78528">
    <ele>913.97</ele>
   </trkpt>
   <trkpt lat="39.89504" lon="32.784890000000004">
    <ele>918.6200000000001</ele>
   </trkpt>
   <trkpt lat="39.89504" lon="32.78488">
    <ele>918.6200000000001</ele>
   </trkpt>
   <trkpt lat="39.894920000000006" lon="32.784760000000006">
    <ele>919.9200000000001</ele>
   </trkpt>
   <trkpt lat="39.89425500003824" lon="32.78493000167138">
    <ele>914.85</ele>
   </trkpt>
   <trkpt lat="39.89359" lon="32.7851">
    <ele>912.97</ele>
   </trkpt>
   <trkpt lat="39.8933" lon="32.785230000000006">
    <ele>914.3700000000001</ele>
   </trkpt>
   <trkpt lat="39.89312" lon="32.78529">
    <ele>915.75</ele>
   </trkpt>
   <trkpt lat="39.892950000000006" lon="32.785140000000006">
    <ele>917.6</ele>
   </trkpt>
   <trkpt lat="39.89233" lon="32.78528">
    <ele>919.0500000000001</ele>
   </trkpt>
   <trkpt lat="39.89217" lon="32.78511">
    <ele>920.6700000000001</ele>
   </trkpt>
   <trkpt lat="39.89188" lon="32.78484">
    <ele>923.7900000000001</ele>
   </trkpt>
   <trkpt lat="39.891890000000004" lon="32.78484">
    <ele>923.9200000000001</ele>
   </trkpt>
   <trkpt lat="39.89161" lon="32.78501">
    <ele>920.1400000000001</ele>
   </trkpt>
   <trkpt lat="39.891160000000006" lon="32.78526">
    <ele>918.78</ele>
   </trkpt>
   <trkpt lat="39.891160000000006" lon="32.785270000000004">
    <ele>918.73</ele>
   </trkpt>
   <trkpt lat="39.890910000000005" lon="32.78558">
    <ele>920.5200000000001</ele>
   </trkpt>
   <trkpt lat="39.8909" lon="32.78596">
    <ele>920.1600000000001</ele>
   </trkpt>
   <trkpt lat="39.891200000000005" lon="32.78629">
    <ele>917.6400000000001</ele>
   </trkpt>
   <trkpt lat="39.89153" lon="32.78616">
    <ele>917.6</ele>
   </trkpt>
   <trkpt lat="39.89193" lon="32.7858">
    <ele>918.12</ele>
   </trkpt>
  </trkseg>
 </trk>
</gpx>
